p17,p17/15000.jpg
p2,p2/7931.jpg
p20,p20/16370.jpg
p3,p3/4851.jpg
p25,p25/5200.jpg
p13,p13/13150.jpg
p4,p4/13430.jpg
p7,p7/6700.jpg
p20,p20/16270.jpg
p16,p16/8560.jpg
p4,p4/13320.jpg
p16,p16/14520.jpg
p25,p25/1290.jpg
p24,p24/5510.jpg
p23,p23/18430.jpg
p6,p6/10140.jpg
p19,p19/7270.jpg
p11,p11/16580.jpg
p11,p11/16570.jpg
p10,p10/6270.jpg
p20,p20/16310.jpg
p3,p3/5850.jpg
p21,p21/17500.jpg
p18,p18/15550.jpg
p16,p16/14720.jpg
p24,p24/19170.jpg
p20,p20/3950.jpg
p24,p24/19221.jpg
p9,p9/11460.jpg
p24,p24/15150.jpg
p22,p22/9400.jpg
p23,p23/18530.jpg
p25,p25/5110.jpg
p13,p13/19271.jpg
p25,p25/1520.jpg
p12,p12/16930.jpg
p20,p20/3970.jpg
p18,p18/15530.jpg
p16,p16/14370.jpg
p22,p22/17970.jpg
p9,p9/11330.jpg
p25,p25/5170.jpg
p1,p1/710.jpg
p7,p7/6670.jpg
p12,p12/190.jpg
p2,p2/1040.jpg
p20,p20/16190.jpg
p10,p10/6430.jpg
p19,p19/7630.jpg
p1,p1/640.jpg
p17,p17/14820.jpg
p1,p1/720.jpg
p25,p25/1370.jpg
p18,p18/15380.jpg
p5,p5/2620.jpg
p11,p11/12410.jpg
p16,p16/8870.jpg
p2,p2/7820.jpg
p20,p20/16160.jpg
p9,p9/2150.jpg
p20,p20/16030.jpg
p6,p6/6920.jpg
p10,p10/6230.jpg
p12,p12/90.jpg
p12,p12/17020.jpg
p23,p23/18700.jpg
p16,p16/14780.jpg
p24,p24/19080.jpg
p10,p10/6370.jpg
p13,p13/19240.jpg
p12,p12/160.jpg
p17,p17/14880.jpg
p21,p21/17910.jpg
p19,p19/7360.jpg
p13,p13/19431.jpg
p15,p15/8140.jpg
p6,p6/6910.jpg
p24,p24/5360.jpg
p5,p5/13860.jpg
p10,p10/6180.jpg
p18,p18/4270.jpg
p3,p3/5570.jpg
p6,p6/10380.jpg
p5,p5/2580.jpg
p8,p8/11020.jpg
p6,p6/7050.jpg
p15,p15/14220.jpg
p11,p11/12400.jpg
p2,p2/1000.jpg
p20,p20/16120.jpg
p13,p13/12910.jpg
p17,p17/19650.jpg
p15,p15/14190.jpg
p17,p17/15050.jpg
p15,p15/8120.jpg
p14,p14/3180.jpg
p15,p15/8180.jpg
p16,p16/14600.jpg
p9,p9/2030.jpg
p14,p14/13720.jpg
p8,p8/1710.jpg
p10,p10/11690.jpg
p5,p5/13930.jpg
p16,p16/14580.jpg
p2,p2/1060.jpg
p12,p12/17100.jpg
p22,p22/9320.jpg
p19,p19/7400.jpg
p5,p5/9760.jpg
p10,p10/11640.jpg
p11,p11/16660.jpg
p5,p5/2630.jpg
p11,p11/12460.jpg
p7,p7/10690.jpg
p22,p22/18400.jpg
p7,p7/10490.jpg
p21,p21/17720.jpg
p2,p2/7740.jpg
p12,p12/120.jpg
p5,p5/10011.jpg
p8,p8/11150.jpg
p3,p3/5840.jpg
p5,p5/10010.jpg
p22,p22/9520.jpg
p12,p12/16830.jpg
p25,p25/19930.jpg
p14,p14/3300.jpg
p6,p6/10280.jpg
p15,p15/14230.jpg
p15,p15/8250.jpg
p15,p15/8300.jpg
p12,p12/17200.jpg
p16,p16/8750.jpg
p24,p24/5520.jpg
p3,p3/5730.jpg
p23,p23/18490.jpg
p8,p8/1700.jpg
p10,p10/6090.jpg
p8,p8/10870.jpg
p10,p10/6250.jpg
p1,p1/630.jpg
p13,p13/19552.jpg
p22,p22/18160.jpg
p11,p11/12570.jpg
p20,p20/3650.jpg
p6,p6/7210.jpg
p8,p8/11120.jpg
p15,p15/14030.jpg
p11,p11/12490.jpg
p1,p1/12190.jpg
p15,p15/8270.jpg
p24,p24/5400.jpg
p6,p6/7190.jpg
p22,p22/18090.jpg
p25,p25/1340.jpg
p5,p5/2610.jpg
p7,p7/6620.jpg
p12,p12/17110.jpg
p24,p24/18890.jpg
p5,p5/13950.jpg
p18,p18/4400.jpg
p3,p3/5810.jpg
p4,p4/9040.jpg
p3,p3/5770.jpg
p7,p7/10600.jpg
p24,p24/15130.jpg
p2,p2/1120.jpg
p17,p17/19791.jpg
p22,p22/9300.jpg
p23,p23/3590.jpg
p8,p8/1740.jpg
p1,p1/680.jpg
p11,p11/16490.jpg
p6,p6/10300.jpg
p15,p15/14360.jpg
p24,p24/18830.jpg
p21,p21/17330.jpg
p4,p4/9071.jpg
p8,p8/1780.jpg
p5,p5/2520.jpg
p16,p16/14490.jpg
p20,p20/16320.jpg
p17,p17/14970.jpg
p9,p9/2020.jpg
p12,p12/17190.jpg
p17,p17/14940.jpg
p1,p1/570.jpg
p4,p4/13350.jpg
p10,p10/6080.jpg
p4,p4/9000.jpg
p20,p20/3800.jpg
p14,p14/3080.jpg
p25,p25/1470.jpg
p10,p10/11980.jpg
p15,p15/8090.jpg
p2,p2/7890.jpg
p17,p17/14980.jpg
p3,p3/5820.jpg
p11,p11/12600.jpg
p9,p9/2000.jpg
p1,p1/12270.jpg
p24,p24/19000.jpg
p10,p10/12030.jpg
p15,p15/13990.jpg
p16,p16/14380.jpg
p20,p20/16220.jpg
p2,p2/1080.jpg
p1,p1/670.jpg
p3,p3/4600.jpg
p21,p21/17540.jpg
p6,p6/7170.jpg
p12,p12/12850.jpg
p3,p3/5890.jpg
p13,p13/13210.jpg
p25,p25/5011.jpg
p19,p19/15920.jpg
p3,p3/5760.jpg
p8,p8/11000.jpg
p17,p17/19800.jpg
p21,p21/17670.jpg
p23,p23/18650.jpg
p14,p14/2850.jpg
p19,p19/15690.jpg
p7,p7/10590.jpg
p21,p21/17740.jpg
p4,p4/9240.jpg
p12,p12/12860.jpg
p7,p7/10620.jpg
p25,p25/19980.jpg
p4,p4/13620.jpg
p4,p4/13510.jpg
p2,p2/910.jpg
p14,p14/13820.jpg
p7,p7/6590.jpg
p7,p7/6760.jpg
p7,p7/10580.jpg
p12,p12/17050.jpg
p2,p2/7810.jpg
p7,p7/6830.jpg
p8,p8/1720.jpg
p4,p4/13440.jpg
p14,p14/3120.jpg
p22,p22/18250.jpg
p15,p15/8370.jpg
p1,p1/660.jpg
p20,p20/16130.jpg
p14,p14/3050.jpg
p7,p7/10540.jpg
p23,p23/18660.jpg
p6,p6/10370.jpg
p15,p15/8360.jpg
p1,p1/540.jpg
p4,p4/13570.jpg
p5,p5/9940.jpg
p4,p4/9150.jpg
p9,p9/11500.jpg
p11,p11/16550.jpg
p19,p19/15940.jpg
p8,p8/1580.jpg
p7,p7/10760.jpg
p18,p18/4090.jpg
p11,p11/12390.jpg
p20,p20/3720.jpg
p19,p19/7380.jpg
p12,p12/200.jpg
p18,p18/4120.jpg
p19,p19/15720.jpg
p9,p9/11440.jpg
p8,p8/1590.jpg
p24,p24/19160.jpg
p24,p24/19010.jpg
p15,p15/8190.jpg
p12,p12/12870.jpg
p2,p2/790.jpg
p23,p23/3530.jpg
p19,p19/7520.jpg
p11,p11/12550.jpg
p22,p22/9500.jpg
p23,p23/3260.jpg
p10,p10/11890.jpg
p9,p9/11320.jpg
p2,p2/1020.jpg
p7,p7/10820.jpg
p18,p18/15310.jpg
p22,p22/9490.jpg
p15,p15/8440.jpg
p6,p6/10310.jpg
p10,p10/6330.jpg
p20,p20/3710.jpg
p16,p16/8790.jpg
p25,p25/1160.jpg
p15,p15/8210.jpg
p14,p14/13710.jpg
p12,p12/16950.jpg
p7,p7/6820.jpg
p6,p6/10170.jpg
p9,p9/11390.jpg
p22,p22/9470.jpg
p14,p14/2770.jpg
p6,p6/10230.jpg
p2,p2/8030.jpg
p4,p4/9270.jpg
p15,p15/8100.jpg
p5,p5/2570.jpg
p7,p7/10630.jpg
p16,p16/8730.jpg
p25,p25/4970.jpg
p17,p17/14910.jpg
p16,p16/8520.jpg
p1,p1/370.jpg
p19,p19/7470.jpg
p11,p11/16450.jpg
p18,p18/4080.jpg
p4,p4/9050.jpg
p25,p25/4860.jpg
p22,p22/9530.jpg
p16,p16/8840.jpg
p11,p11/12430.jpg
p16,p16/8720.jpg
p7,p7/6780.jpg
p2,p2/7710.jpg
p22,p22/9430.jpg
p6,p6/7090.jpg
p24,p24/15230.jpg
p17,p17/19720.jpg
p5,p5/9970.jpg
p2,p2/780.jpg
p14,p14/2910.jpg
p15,p15/8350.jpg
p13,p13/13090.jpg
p14,p14/13690.jpg
p1,p1/12300.jpg
p23,p23/18790.jpg
p2,p2/8000.jpg
p18,p18/4200.jpg
p13,p13/19290.jpg
p13,p13/19471.jpg
p22,p22/18200.jpg
p16,p16/14510.jpg
p12,p12/17070.jpg
p25,p25/1350.jpg
p12,p12/17170.jpg
p24,p24/19200.jpg
p20,p20/3760.jpg
p20,p20/3810.jpg
p24,p24/19060.jpg
p15,p15/8260.jpg
p17,p17/19860.jpg
p1,p1/450.jpg
p6,p6/10150.jpg
p19,p19/7550.jpg
p2,p2/760.jpg
p19,p19/15660.jpg
p4,p4/9090.jpg
p8,p8/11200.jpg
p6,p6/10410.jpg
p15,p15/14150.jpg
p2,p2/980.jpg
p7,p7/6650.jpg
p10,p10/11750.jpg
p21,p21/17430.jpg
p8,p8/11100.jpg
p19,p19/15880.jpg
p4,p4/9220.jpg
p9,p9/11540.jpg
p8,p8/11130.jpg
p9,p9/2260.jpg
p1,p1/480.jpg
p23,p23/3360.jpg
p10,p10/6200.jpg
p20,p20/16150.jpg
p10,p10/6110.jpg
p21,p21/17660.jpg
p7,p7/10520.jpg
p4,p4/13560.jpg
p25,p25/4870.jpg
p23,p23/3200.jpg
p10,p10/11770.jpg
p21,p21/17770.jpg
p23,p23/18470.jpg
p6,p6/10420.jpg
p12,p12/20.jpg
p3,p3/4670.jpg
p15,p15/8330.jpg
p13,p13/12990.jpg
p4,p4/13630.jpg
p19,p19/15950.jpg
p9,p9/11280.jpg
p11,p11/16750.jpg
p21,p21/17830.jpg
p15,p15/8200.jpg
p3,p3/4710.jpg
p1,p1/12080.jpg
p22,p22/18110.jpg
p17,p17/19700.jpg
p12,p12/16890.jpg
p9,p9/11480.jpg
p14,p14/2940.jpg
p5,p5/9711.jpg
p21,p21/17780.jpg
p11,p11/16480.jpg
p5,p5/10030.jpg
p19,p19/15820.jpg
p11,p11/16410.jpg
p12,p12/80.jpg
p17,p17/19640.jpg
p21,p21/17260.jpg
p15,p15/8160.jpg
p10,p10/11970.jpg
p8,p8/10860.jpg
p8,p8/1610.jpg
p23,p23/3550.jpg
p6,p6/10390.jpg
p24,p24/19190.jpg
p2,p2/7860.jpg
p2,p2/850.jpg
p19,p19/15710.jpg
p25,p25/1200.jpg
p2,p2/830.jpg
p13,p13/19250.jpg
p6,p6/10320.jpg
p4,p4/8940.jpg
p7,p7/10840.jpg
p23,p23/3430.jpg
p17,p17/19580.jpg
p6,p6/6890.jpg
p11,p11/16560.jpg
p9,p9/11491.jpg
p9,p9/11570.jpg
p7,p7/10680.jpg
p22,p22/9330.jpg
p10,p10/11700.jpg
p21,p21/17580.jpg
p9,p9/2240.jpg
p10,p10/11730.jpg
p18,p18/4370.jpg
p19,p19/15590.jpg
p5,p5/2640.jpg
p6,p6/7000.jpg
p7,p7/6860.jpg
p21,p21/17420.jpg
p24,p24/18861.jpg
p25,p25/19960.jpg
p23,p23/18740.jpg
p25,p25/1170.jpg
p15,p15/13970.jpg
p12,p12/130.jpg
p17,p17/19690.jpg
p4,p4/13380.jpg
p14,p14/2760.jpg
p14,p14/13730.jpg
p17,p17/19840.jpg
p1,p1/12320.jpg
p1,p1/12060.jpg
p6,p6/10330.jpg
p14,p14/13750.jpg
p21,p21/17950.jpg
p8,p8/11030.jpg
p4,p4/13310.jpg
p13,p13/2370.jpg
p9,p9/2170.jpg
p8,p8/11070.jpg
p4,p4/13580.jpg
p12,p12/16841.jpg
p6,p6/7080.jpg
p22,p22/18130.jpg
p21,p21/17940.jpg
p2,p2/7780.jpg
p3,p3/5910.jpg
p12,p12/17060.jpg
p4,p4/9100.jpg
p16,p16/8500.jpg
p10,p10/6190.jpg
p11,p11/16510.jpg
p2,p2/7960.jpg
p11,p11/16600.jpg
p19,p19/7420.jpg
p20,p20/3990.jpg
p5,p5/9900.jpg
p8,p8/11240.jpg
p10,p10/11830.jpg
p16,p16/8540.jpg
p4,p4/8970.jpg
p7,p7/6580.jpg
p6,p6/7060.jpg
p25,p25/1310.jpg
p23,p23/3240.jpg
p3,p3/4660.jpg
p9,p9/11350.jpg
p7,p7/6740.jpg
p12,p12/12770.jpg
p20,p20/3690.jpg
p25,p25/4960.jpg
p16,p16/8510.jpg
p10,p10/6350.jpg
p16,p16/14540.jpg
p9,p9/2290.jpg
p18,p18/15480.jpg
p2,p2/7750.jpg
p16,p16/8810.jpg
p12,p12/17140.jpg
p20,p20/16280.jpg
p2,p2/940.jpg
p5,p5/2500.jpg
p6,p6/10190.jpg
p4,p4/13370.jpg
p8,p8/11220.jpg
p1,p1/12040.jpg
p11,p11/16650.jpg
p9,p9/11590.jpg
p9,p9/11610.jpg
p10,p10/6060.jpg
p14,p14/2981.jpg
p12,p12/17080.jpg
p3,p3/5740.jpg
p25,p25/4920.jpg
p13,p13/19320.jpg
p9,p9/2320.jpg
p15,p15/8310.jpg
p14,p14/3190.jpg
p3,p3/4630.jpg
p9,p9/2120.jpg
p9,p9/11520.jpg
p18,p18/15280.jpg
p25,p25/5040.jpg
p18,p18/15500.jpg
p7,p7/6850.jpg
p11,p11/16740.jpg
p12,p12/150.jpg
p16,p16/8630.jpg
p19,p19/7530.jpg
p4,p4/9180.jpg
p10,p10/11660.jpg
p8,p8/10940.jpg
p5,p5/2530.jpg
p2,p2/7770.jpg
p12,p12/280.jpg
p6,p6/10260.jpg
p14,p14/2840.jpg
p14,p14/2650.jpg
p2,p2/7880.jpg
p21,p21/17640.jpg
p3,p3/4440.jpg
p22,p22/18190.jpg
p12,p12/17001.jpg
p7,p7/10790.jpg
p5,p5/9930.jpg
p11,p11/12680.jpg
p3,p3/5680.jpg
p15,p15/14010.jpg
p14,p14/13740.jpg
p10,p10/11930.jpg
p7,p7/6500.jpg
p6,p6/7230.jpg
p15,p15/8420.jpg
p15,p15/8170.jpg
p24,p24/5430.jpg
p2,p2/7730.jpg
p19,p19/7460.jpg
p13,p13/19391.jpg
p4,p4/13550.jpg
p24,p24/18840.jpg
p2,p2/7700.jpg
p15,p15/14300.jpg
p3,p3/5900.jpg
p23,p23/18440.jpg
p1,p1/12200.jpg
p12,p12/210.jpg
p11,p11/12690.jpg
p20,p20/16360.jpg
p7,p7/10700.jpg
p14,p14/13700.jpg
p2,p2/890.jpg
p16,p16/14480.jpg
p1,p1/490.jpg
p14,p14/13640.jpg
p9,p9/2220.jpg
p23,p23/3270.jpg
p24,p24/15220.jpg
p15,p15/8320.jpg
p14,p14/3160.jpg
p24,p24/5250.jpg
p18,p18/4040.jpg
p25,p25/1410.jpg
p1,p1/350.jpg
p18,p18/4380.jpg
p5,p5/13840.jpg
p24,p24/5260.jpg
p23,p23/18630.jpg
p17,p17/14990.jpg
p4,p4/8960.jpg
p14,p14/2800.jpg
p14,p14/13790.jpg
p4,p4/13390.jpg
p2,p2/8060.jpg
p4,p4/13460.jpg
p11,p11/12630.jpg
p3,p3/4610.jpg
p17,p17/19810.jpg
p11,p11/12530.jpg
p18,p18/4260.jpg
p23,p23/3410.jpg
p22,p22/18060.jpg
p14,p14/13660.jpg
p25,p25/1320.jpg
p2,p2/1090.jpg
p9,p9/11410.jpg
p16,p16/8710.jpg
p8,p8/10990.jpg
p18,p18/15540.jpg
p23,p23/3370.jpg
p1,p1/12150.jpg
p22,p22/18280.jpg
p19,p19/15780.jpg
p24,p24/5330.jpg
p23,p23/3340.jpg
p22,p22/9410.jpg
p8,p8/1860.jpg
p22,p22/18350.jpg
p12,p12/16990.jpg
p8,p8/1960.jpg
p17,p17/19820.jpg
p18,p18/4190.jpg
p11,p11/16430.jpg
p10,p10/6210.jpg
p20,p20/16260.jpg
p23,p23/3380.jpg
p12,p12/240.jpg
p17,p17/14810.jpg
p2,p2/920.jpg
p19,p19/15810.jpg
p15,p15/8450.jpg
p25,p25/1500.jpg
p20,p20/3780.jpg
p2,p2/810.jpg
p10,p10/6450.jpg
p11,p11/16710.jpg
p10,p10/11680.jpg
p15,p15/14200.jpg
p12,p12/220.jpg
p10,p10/6360.jpg
p17,p17/14870.jpg
p22,p22/9620.jpg
p25,p25/4940.jpg
p2,p2/960.jpg
p22,p22/9560.jpg
p8,p8/1560.jpg
p19,p19/7310.jpg
p13,p13/13230.jpg
p7,p7/6490.jpg
p9,p9/1980.jpg
p16,p16/8690.jpg
p13,p13/12880.jpg
p21,p21/17870.jpg
p10,p10/11780.jpg
p10,p10/11910.jpg
p24,p24/19020.jpg
p5,p5/9980.jpg
p4,p4/9191.jpg
p9,p9/2230.jpg
p11,p11/16590.jpg
p22,p22/9440.jpg
p19,p19/7490.jpg
p25,p25/1250.jpg
p6,p6/6880.jpg
p22,p22/18300.jpg
p13,p13/12900.jpg
p25,p25/5190.jpg
p12,p12/30.jpg
p17,p17/19900.jpg
p7,p7/6530.jpg
p1,p1/460.jpg
p19,p19/7430.jpg
p19,p19/7510.jpg
p18,p18/15290.jpg
p20,p20/4010.jpg
p2,p2/1050.jpg
p10,p10/11800.jpg
p10,p10/6120.jpg
p4,p4/13400.jpg
p12,p12/320.jpg
p24,p24/19070.jpg
p10,p10/11880.jpg
p9,p9/2310.jpg
p4,p4/8990.jpg
p18,p18/4390.jpg
p10,p10/6160.jpg
p15,p15/14350.jpg
p5,p5/9870.jpg
p9,p9/11310.jpg
p25,p25/1380.jpg
p25,p25/5140.jpg
p1,p1/430.jpg
p24,p24/18930.jpg
p19,p19/7600.jpg
p5,p5/2480.jpg
p7,p7/10450.jpg
p16,p16/8590.jpg
p23,p23/18720.jpg
p25,p25/1430.jpg
p16,p16/8700.jpg
p13,p13/12920.jpg
p16,p16/14790.jpg
p24,p24/5550.jpg
p20,p20/3790.jpg
p11,p11/12380.jpg
p23,p23/3490.jpg
p7,p7/10610.jpg
p1,p1/420.jpg
p24,p24/19140.jpg
p20,p20/16110.jpg
p19,p19/7660.jpg
p19,p19/7620.jpg
p1,p1/380.jpg
p19,p19/15830.jpg
p3,p3/4700.jpg
p2,p2/1110.jpg
p24,p24/19210.jpg
p5,p5/2600.jpg
p22,p22/18030.jpg
p18,p18/6000.jpg
p13,p13/19440.jpg
p24,p24/15110.jpg
p20,p20/3630.jpg
p13,p13/19360.jpg
p5,p5/9680.jpg
p17,p17/14950.jpg
p9,p9/2360.jpg
p8,p8/11010.jpg
p20,p20/16250.jpg
p11,p11/12510.jpg
p21,p21/17390.jpg
p5,p5/13900.jpg
p17,p17/14860.jpg
p21,p21/17220.jpg
p1,p1/650.jpg
p11,p11/12470.jpg
p23,p23/18750.jpg
p22,p22/9540.jpg
p14,p14/13680.jpg
p25,p25/1300.jpg
p25,p25/19920.jpg
p25,p25/4930.jpg
p8,p8/1620.jpg
p4,p4/9260.jpg
p12,p12/12760.jpg
p3,p3/4770.jpg
p6,p6/7130.jpg
p24,p24/5380.jpg
p22,p22/18380.jpg
p2,p2/1070.jpg
p21,p21/17790.jpg
p21,p21/17850.jpg
p3,p3/5660.jpg
p23,p23/3450.jpg
p15,p15/14130.jpg
p3,p3/4620.jpg
p3,p3/5780.jpg
p13,p13/2400.jpg
p8,p8/10850.jpg
p24,p24/5470.jpg
p13,p13/19400.jpg
p20,p20/3860.jpg
p6,p6/6960.jpg
p25,p25/1270.jpg
p13,p13/13080.jpg
p3,p3/4430.jpg
p21,p21/17600.jpg
p12,p12/250.jpg
p25,p25/1360.jpg
p2,p2/950.jpg
p12,p12/310.jpg
p18,p18/15400.jpg
p24,p24/5280.jpg
p21,p21/17400.jpg
p17,p17/19680.jpg
p17,p17/14960.jpg
p14,p14/13830.jpg
p1,p1/510.jpg
p12,p12/230.jpg
p25,p25/4880.jpg
p23,p23/18670.jpg
p16,p16/8820.jpg
p7,p7/6840.jpg
p8,p8/1870.jpg
p12,p12/17180.jpg
p7,p7/6710.jpg
p23,p23/18820.jpg
p1,p1/12100.jpg
p18,p18/4230.jpg
p22,p22/18120.jpg
p12,p12/50.jpg
p4,p4/8930.jpg
p23,p23/18620.jpg
p4,p4/9110.jpg
p23,p23/3400.jpg
p8,p8/10960.jpg
p23,p23/18570.jpg
p6,p6/10180.jpg
p20,p20/3730.jpg
p9,p9/2080.jpg
p21,p21/17750.jpg
p15,p15/8430.jpg
p22,p22/18390.jpg
p21,p21/17310.jpg
p10,p10/11870.jpg
p11,p11/16700.jpg
p24,p24/18950.jpg
p7,p7/6550.jpg
p15,p15/14280.jpg
p21,p21/17280.jpg
p6,p6/7260.jpg
p10,p10/12020.jpg
p16,p16/8740.jpg
p7,p7/6510.jpg
p2,p2/7910.jpg
p23,p23/3250.jpg
p3,p3/4790.jpg
p13,p13/12970.jpg
p9,p9/11450.jpg
p5,p5/2470.jpg
p20,p20/3890.jpg
p11,p11/12480.jpg
p21,p21/17270.jpg
p11,p11/16400.jpg
p15,p15/8471.jpg
p23,p23/3230.jpg
p21,p21/17810.jpg
p7,p7/10570.jpg
p4,p4/13520.jpg
p21,p21/17340.jpg
p16,p16/14570.jpg
p8,p8/1650.jpg
p9,p9/11600.jpg
p6,p6/6900.jpg
p15,p15/14000.jpg
p24,p24/19050.jpg
p15,p15/14090.jpg
p11,p11/16460.jpg
p7,p7/10780.jpg
p2,p2/7841.jpg
p24,p24/19040.jpg
p17,p17/19750.jpg
p4,p4/9200.jpg
p6,p6/10130.jpg
p1,p1/690.jpg
p20,p20/15980.jpg
p21,p21/17800.jpg
p13,p13/12930.jpg
p12,p12/70.jpg
p18,p18/5980.jpg
p17,p17/19610.jpg
p22,p22/9280.jpg
p15,p15/14080.jpg
p19,p19/15910.jpg
p3,p3/5610.jpg
p16,p16/8490.jpg
p21,p21/17650.jpg
p16,p16/14760.jpg
p14,p14/3020.jpg
p16,p16/8680.jpg
p21,p21/17530.jpg
p10,p10/6410.jpg
p25,p25/1180.jpg
p19,p19/15930.jpg
p20,p20/3900.jpg
p5,p5/10040.jpg
p6,p6/10430.jpg
p18,p18/4110.jpg
p23,p23/18540.jpg
p9,p9/2110.jpg
p15,p15/8290.jpg
p2,p2/820.jpg
p19,p19/7650.jpg
p12,p12/16980.jpg
p7,p7/6660.jpg
p3,p3/5720.jpg
p17,p17/14830.jpg
p2,p2/860.jpg
p18,p18/4100.jpg
p11,p11/12620.jpg
p11,p11/16530.jpg
p18,p18/15440.jpg
p2,p2/7790.jpg
p14,p14/2710.jpg
p13,p13/19340.jpg
p9,p9/2200.jpg
p10,p10/6290.jpg
p12,p12/17010.jpg
p24,p24/5480.jpg
p15,p15/14170.jpg
p7,p7/6640.jpg
p9,p9/2130.jpg
p3,p3/4840.jpg
p23,p23/18690.jpg
p22,p22/18370.jpg
p19,p19/7480.jpg
p1,p1/410.jpg
p2,p2/800.jpg
p8,p8/1900.jpg
p18,p18/15340.jpg
p24,p24/5220.jpg
p24,p24/18970.jpg
p19,p19/7290.jpg
p23,p23/3320.jpg
p25,p25/5060.jpg
p16,p16/8800.jpg
p16,p16/14470.jpg
p9,p9/11550.jpg
p12,p12/16870.jpg
p3,p3/4490.jpg
p7,p7/6810.jpg
p11,p11/16390.jpg
p7,p7/6610.jpg
p21,p21/17690.jpg
p17,p17/19600.jpg
p13,p13/19530.jpg
p23,p23/18510.jpg
p19,p19/15640.jpg
p21,p21/17210.jpg
p9,p9/11370.jpg
p8,p8/11190.jpg
p6,p6/10090.jpg
p4,p4/8901.jpg
p6,p6/7030.jpg
p2,p2/7950.jpg
p3,p3/4530.jpg
p1,p1/600.jpg
p2,p2/930.jpg
p23,p23/18770.jpg
p12,p12/12790.jpg
p6,p6/10340.jpg
p2,p2/7900.jpg
p2,p2/1010.jpg
p8,p8/1640.jpg
p16,p16/14640.jpg
p6,p6/10110.jpg
p21,p21/17510.jpg
p8,p8/11160.jpg
p8,p8/10950.jpg
p3,p3/4580.jpg
p5,p5/2420.jpg
p8,p8/1940.jpg
p14,p14/2970.jpg
p16,p16/14650.jpg
p14,p14/2870.jpg
p20,p20/16300.jpg
p19,p19/7350.jpg
p11,p11/12440.jpg
p3,p3/5920.jpg
p5,p5/9770.jpg
p5,p5/9880.jpg
p2,p2/880.jpg
p10,p10/11710.jpg
p7,p7/10750.jpg
p6,p6/10270.jpg
p19,p19/15750.jpg
p20,p20/3930.jpg
p18,p18/4290.jpg
p19,p19/15770.jpg
p11,p11/12720.jpg
p1,p1/12110.jpg
p11,p11/12500.jpg
p2,p2/740.jpg
p15,p15/14180.jpg
p3,p3/4690.jpg
p5,p5/2510.jpg
p18,p18/4350.jpg
p10,p10/6130.jpg
p3,p3/4820.jpg
p19,p19/15650.jpg
p7,p7/6750.jpg
p15,p15/14040.jpg
p18,p18/4330.jpg
p16,p16/14460.jpg
p24,p24/19030.jpg
p6,p6/6980.jpg
p14,p14/3010.jpg
p15,p15/14270.jpg
p13,p13/12950.jpg
p16,p16/14700.jpg
p2,p2/730.jpg
p24,p24/18990.jpg
p7,p7/6540.jpg
p13,p13/19500.jpg
p2,p2/7830.jpg
p11,p11/16780.jpg
p18,p18/4050.jpg
p9,p9/11380.jpg
p12,p12/100.jpg
p11,p11/12700.jpg
p1,p1/12170.jpg
p8,p8/1810.jpg
p4,p4/9160.jpg
p16,p16/14610.jpg
p21,p21/17350.jpg
p15,p15/14210.jpg
p5,p5/10050.jpg
p21,p21/17920.jpg
p17,p17/19830.jpg
p8,p8/1690.jpg
p12,p12/290.jpg
p14,p14/2690.jpg
p24,p24/5340.jpg
p18,p18/15320.jpg
p24,p24/19120.jpg
p15,p15/8380.jpg
p12,p12/17150.jpg
p5,p5/13910.jpg
p6,p6/6950.jpg
p3,p3/4480.jpg
p22,p22/18330.jpg
p3,p3/5830.jpg
p17,p17/19630.jpg
p19,p19/15760.jpg
p18,p18/15460.jpg
p21,p21/17460.jpg
p21,p21/17320.jpg
p24,p24/19110.jpg
p18,p18/4240.jpg
p23,p23/3600.jpg
p11,p11/16540.jpg
p12,p12/12820.jpg
p24,p24/15170.jpg
p23,p23/18640.jpg
p17,p17/14840.jpg
p3,p3/4540.jpg
p19,p19/15970.jpg
p7,p7/6690.jpg
p17,p17/15060.jpg
p23,p23/18810.jpg
p5,p5/13960.jpg
p20,p20/3850.jpg
p14,p14/2920.jpg
p9,p9/2330.jpg
p16,p16/8770.jpg
p3,p3/5800.jpg
p12,p12/12800.jpg
p10,p10/11960.jpg
p25,p25/5080.jpg
p8,p8/11170.jpg
p3,p3/4780.jpg
p14,p14/2990.jpg
p17,p17/19670.jpg
p5,p5/9720.jpg
p4,p4/13530.jpg
p7,p7/10480.jpg
p25,p25/1480.jpg
p25,p25/1330.jpg
p16,p16/14620.jpg
p25,p25/5180.jpg
p9,p9/2340.jpg
p25,p25/1450.jpg
p7,p7/10730.jpg
p12,p12/170.jpg
p17,p17/19620.jpg
p2,p2/7670.jpg
p5,p5/2410.jpg
p15,p15/14120.jpg
p18,p18/6050.jpg
p14,p14/3170.jpg
p10,p10/12000.jpg
p24,p24/5320.jpg
p20,p20/16020.jpg
p8,p8/1840.jpg
p5,p5/2560.jpg
p2,p2/770.jpg
p11,p11/12740.jpg
p14,p14/3040.jpg
p17,p17/19880.jpg
p4,p4/13500.jpg
p22,p22/17980.jpg
p20,p20/16100.jpg
p1,p1/550.jpg
p17,p17/14850.jpg
p10,p10/11900.jpg
p10,p10/6440.jpg
p22,p22/9390.jpg
p18,p18/15420.jpg
p5,p5/9840.jpg
p17,p17/19770.jpg
p20,p20/16180.jpg
p3,p3/4730.jpg
p16,p16/8830.jpg
p15,p15/8240.jpg
p24,p24/15120.jpg
p21,p21/17480.jpg
p19,p19/15600.jpg
p7,p7/10550.jpg
p11,p11/16670.jpg
p1,p1/520.jpg
p2,p2/7990.jpg
p9,p9/11430.jpg
p7,p7/10530.jpg
p21,p21/17410.jpg
p20,p20/16290.jpg
p3,p3/4460.jpg
p16,p16/14450.jpg
p1,p1/12260.jpg
p22,p22/9360.jpg
p9,p9/2270.jpg
p11,p11/16730.jpg
p23,p23/18480.jpg
p10,p10/6300.jpg
p12,p12/16820.jpg
p12,p12/16940.jpg
p4,p4/9010.jpg
p21,p21/17300.jpg
p3,p3/5630.jpg
p20,p20/3750.jpg
p16,p16/14750.jpg
p24,p24/5290.jpg
p6,p6/7160.jpg
p18,p18/15300.jpg
p20,p20/4000.jpg
p7,p7/10660.jpg
p16,p16/14410.jpg
p11,p11/12670.jpg
p21,p21/17360.jpg
p24,p24/15210.jpg
p22,p22/18000.jpg
p11,p11/12610.jpg
p21,p21/17570.jpg
p6,p6/7200.jpg
p10,p10/11850.jpg
p14,p14/2950.jpg
p3,p3/5790.jpg
p10,p10/6420.jpg
p1,p1/12160.jpg
p22,p22/18340.jpg
p13,p13/13060.jpg
p15,p15/14240.jpg
p13,p13/2390.jpg
p4,p4/13280.jpg
p9,p9/11510.jpg
p3,p3/5880.jpg
p19,p19/7410.jpg
p9,p9/11340.jpg
p17,p17/15030.jpg
p9,p9/11470.jpg
p8,p8/11140.jpg
p25,p25/1190.jpg
p6,p6/7140.jpg
p16,p16/14420.jpg
p25,p25/1280.jpg
p5,p5/10020.jpg
p13,p13/13270.jpg
p3,p3/4800.jpg
p14,p14/3100.jpg
p1,p1/560.jpg
p25,p25/19950.jpg
p12,p12/60.jpg
p1,p1/12230.jpg
p14,p14/2810.jpg
p11,p11/12640.jpg
p22,p22/18080.jpg
p6,p6/6940.jpg
p13,p13/13110.jpg
p7,p7/10470.jpg
p18,p18/4150.jpg
p11,p11/16610.jpg
p9,p9/11290.jpg
p5,p5/2440.jpg
p25,p25/5050.jpg
p1,p1/530.jpg
p16,p16/14400.jpg
p18,p18/15360.jpg
p9,p9/2010.jpg
p23,p23/3580.jpg
p6,p6/10250.jpg
p5,p5/9911.jpg
p20,p20/16240.jpg
p8,p8/10930.jpg
p9,p9/11261.jpg
p22,p22/9420.jpg
p19,p19/15580.jpg
p15,p15/14110.jpg
p25,p25/5120.jpg
p3,p3/5580.jpg
p20,p20/3940.jpg
p20,p20/16350.jpg
p16,p16/14730.jpg
p21,p21/17240.jpg
p5,p5/9960.jpg
p23,p23/18410.jpg
p22,p22/18040.jpg
p1,p1/12290.jpg
p12,p12/12830.jpg
p24,p24/15140.jpg
p5,p5/2450.jpg
p15,p15/8280.jpg
p20,p20/3770.jpg
p22,p22/9630.jpg
p14,p14/13760.jpg
p20,p20/3870.jpg
p23,p23/18580.jpg
p23,p23/3520.jpg
p25,p25/4910.jpg
p4,p4/8920.jpg
p3,p3/4720.jpg
p7,p7/6570.jpg
p22,p22/9580.jpg
p20,p20/3920.jpg
p8,p8/11090.jpg
p18,p18/15520.jpg
p14,p14/2900.jpg
p8,p8/11110.jpg
p6,p6/10440.jpg
p10,p10/6260.jpg
p24,p24/5230.jpg
p17,p17/14920.jpg
p16,p16/14630.jpg
p8,p8/11230.jpg
p4,p4/8910.jpg
p8,p8/1540.jpg
p23,p23/18460.jpg
p18,p18/4220.jpg
p8,p8/11210.jpg
p20,p20/3660.jpg
p4,p4/9020.jpg
p24,p24/19150.jpg
p25,p25/1260.jpg
p13,p13/13040.jpg
p23,p23/18560.jpg
p7,p7/6470.jpg
p19,p19/7450.jpg
p25,p25/5210.jpg
p5,p5/2490.jpg
p17,p17/15040.jpg
p10,p10/6280.jpg
p23,p23/3571.jpg
p6,p6/10080.jpg
p16,p16/8650.jpg
p24,p24/18920.jpg
p14,p14/2930.jpg
p6,p6/10360.jpg
p5,p5/9861.jpg
p9,p9/11620.jpg
p23,p23/3510.jpg
p19,p19/7570.jpg
p25,p25/5070.jpg
p9,p9/2090.jpg
p1,p1/12330.jpg
p15,p15/8220.jpg
p19,p19/7390.jpg
p24,p24/15080.jpg
p17,p17/15070.jpg
p10,p10/6140.jpg
p8,p8/1660.jpg
p13,p13/19370.jpg
p11,p11/16470.jpg
p16,p16/14560.jpg
p13,p13/19520.jpg
p7,p7/6560.jpg
p11,p11/12580.jpg
p18,p18/4060.jpg
p11,p11/16630.jpg
p7,p7/10710.jpg
p11,p11/16760.jpg
p12,p12/16860.jpg
p16,p16/8530.jpg
p20,p20/16040.jpg
p11,p11/16680.jpg
p20,p20/3880.jpg
p7,p7/10801.jpg
p24,p24/18880.jpg
p19,p19/15850.jpg
p3,p3/4500.jpg
p18,p18/4160.jpg
p4,p4/13490.jpg
p4,p4/13600.jpg
p18,p18/4030.jpg
p5,p5/9810.jpg
p11,p11/12750.jpg
p25,p25/1440.jpg
p6,p6/7070.jpg
p25,p25/1150.jpg
p8,p8/1890.jpg
p21,p21/17820.jpg
p12,p12/12840.jpg
p15,p15/13980.jpg
p4,p4/9210.jpg
p19,p19/15740.jpg
p9,p9/2160.jpg
p22,p22/18180.jpg
p14,p14/3090.jpg
p15,p15/14340.jpg
p1,p1/620.jpg
p8,p8/1850.jpg
p8,p8/1760.jpg
p22,p22/9660.jpg
p20,p20/16080.jpg
p12,p12/17090.jpg
p1,p1/12210.jpg
p10,p10/6220.jpg
p8,p8/10910.jpg
p22,p22/9610.jpg
p10,p10/11810.jpg
p11,p11/12520.jpg
p19,p19/7610.jpg
p19,p19/15670.jpg
p24,p24/18910.jpg
p17,p17/19910.jpg
p19,p19/15800.jpg
p22,p22/18070.jpg
p8,p8/11060.jpg
p4,p4/9060.jpg
p12,p12/16790.jpg
p14,p14/2790.jpg
p23,p23/18680.jpg
p8,p8/1550.jpg
p3,p3/4680.jpg
p6,p6/6990.jpg
p13,p13/13000.jpg
p21,p21/17610.jpg
p20,p20/3740.jpg
p19,p19/7300.jpg
p11,p11/12370.jpg
p18,p18/4140.jpg
p15,p15/14140.jpg
p25,p25/1460.jpg
p13,p13/19460.jpg
p2,p2/7760.jpg
p12,p12/17030.jpg
p23,p23/3460.jpg
p9,p9/2210.jpg
p13,p13/19300.jpg
p16,p16/8620.jpg
p1,p1/12250.jpg
p22,p22/18010.jpg
p25,p25/1230.jpg
p21,p21/17710.jpg
p20,p20/3820.jpg
p16,p16/8570.jpg
p23,p23/3290.jpg
p16,p16/14430.jpg
p3,p3/4830.jpg
p13,p13/12890.jpg
p4,p4/9080.jpg
p15,p15/8130.jpg
p20,p20/16200.jpg
p9,p9/2070.jpg
p6,p6/7020.jpg
p13,p13/19450.jpg
p17,p17/19740.jpg
p13,p13/13020.jpg
p19,p19/15620.jpg
p18,p18/6030.jpg
p20,p20/3620.jpg
p8,p8/10970.jpg
p10,p10/6150.jpg
p1,p1/610.jpg
p8,p8/10880.jpg
p21,p21/17630.jpg
p11,p11/12650.jpg
p8,p8/1770.jpg
p5,p5/9830.jpg
p6,p6/10060.jpg
p1,p1/12090.jpg
p13,p13/19480.jpg
p1,p1/12340.jpg
p13,p13/13220.jpg
p9,p9/2060.jpg
p6,p6/10210.jpg
p18,p18/15390.jpg
p1,p1/12350.jpg
p3,p3/4570.jpg
p14,p14/3030.jpg
p22,p22/9650.jpg
p23,p23/3390.jpg
p7,p7/6720.jpg
p25,p25/1220.jpg
p13,p13/13070.jpg
p20,p20/16340.jpg
p8,p8/1820.jpg
p6,p6/10240.jpg
p22,p22/9450.jpg
p16,p16/14680.jpg
p23,p23/18550.jpg
p20,p20/16140.jpg
p23,p23/18800.jpg
p12,p12/140.jpg
p12,p12/17120.jpg
p8,p8/1730.jpg
p6,p6/10070.jpg
p21,p21/17880.jpg
p13,p13/13140.jpg
p9,p9/2050.jpg
p16,p16/8670.jpg
p4,p4/9031.jpg
p22,p22/9370.jpg
p12,p12/16900.jpg
p17,p17/19760.jpg
p10,p10/11820.jpg
p7,p7/6630.jpg
p17,p17/14890.jpg
p2,p2/900.jpg
p14,p14/13770.jpg
p9,p9/2250.jpg
p23,p23/3480.jpg
p1,p1/12180.jpg
p25,p25/5150.jpg
p14,p14/2680.jpg
p19,p19/15890.jpg
p19,p19/7330.jpg
p12,p12/16910.jpg
p5,p5/2540.jpg
p23,p23/3210.jpg
p14,p14/2960.jpg
p18,p18/15270.jpg
p3,p3/4450.jpg
p13,p13/19230.jpg
p22,p22/18320.jpg
p10,p10/6320.jpg
p24,p24/18900.jpg
p23,p23/18420.jpg
p12,p12/16921.jpg
p10,p10/11740.jpg
p21,p21/17450.jpg
p3,p3/5870.jpg
p8,p8/1600.jpg
p5,p5/13940.jpg
p19,p19/15860.jpg
p5,p5/9740.jpg
p10,p10/6100.jpg
p22,p22/9590.jpg
