sub173,sub173/2.jpg
sub173,sub173/6.jpg
sub173,sub173/5.jpg
sub173,sub173/1.jpg
sub173,sub173/4.jpg
sub173,sub173/3.jpg
sub324,sub324/2.jpg
sub324,sub324/6.jpg
sub324,sub324/5.jpg
sub324,sub324/1.jpg
sub324,sub324/4.jpg
sub025,sub025/2.jpg
sub025,sub025/6.jpg
sub025,sub025/5.jpg
sub025,sub025/1.jpg
sub025,sub025/4.jpg
sub025,sub025/3.jpg
sub274,sub274/2.jpg
sub274,sub274/6.jpg
sub274,sub274/5.jpg
sub274,sub274/1.jpg
sub274,sub274/4.jpg
sub274,sub274/3.jpg
sub236,sub236/2.jpg
sub236,sub236/6.jpg
sub236,sub236/5.jpg
sub236,sub236/1.jpg
sub236,sub236/4.jpg
sub262,sub262/2.jpg
sub262,sub262/6.jpg
sub262,sub262/5.jpg
sub262,sub262/1.jpg
sub262,sub262/4.jpg
sub262,sub262/3.jpg
sub141,sub141/2.jpg
sub141,sub141/5.jpg
sub141,sub141/1.jpg
sub141,sub141/3.jpg
sub048,sub048/2.jpg
sub048,sub048/6.jpg
sub048,sub048/1.jpg
sub048,sub048/4.jpg
sub048,sub048/3.jpg
sub386,sub386/2.jpg
sub386,sub386/6.jpg
sub386,sub386/5.jpg
sub386,sub386/1.jpg
sub386,sub386/4.jpg
sub386,sub386/3.jpg
sub362,sub362/6.jpg
sub362,sub362/5.jpg
sub362,sub362/1.jpg
sub362,sub362/3.jpg
sub040,sub040/2.jpg
sub040,sub040/1.jpg
sub040,sub040/3.jpg
sub303,sub303/2.jpg
sub303,sub303/6.jpg
sub303,sub303/5.jpg
sub303,sub303/1.jpg
sub303,sub303/4.jpg
sub303,sub303/3.jpg
sub249,sub249/2.jpg
sub249,sub249/6.jpg
sub249,sub249/5.jpg
sub249,sub249/1.jpg
sub249,sub249/4.jpg
sub249,sub249/3.jpg
sub304,sub304/2.jpg
sub304,sub304/6.jpg
sub304,sub304/5.jpg
sub304,sub304/1.jpg
sub304,sub304/4.jpg
sub030,sub030/6.jpg
sub030,sub030/5.jpg
sub030,sub030/1.jpg
sub030,sub030/3.jpg
sub191,sub191/2.jpg
sub191,sub191/6.jpg
sub191,sub191/5.jpg
sub191,sub191/1.jpg
sub191,sub191/4.jpg
sub191,sub191/3.jpg
sub275,sub275/2.jpg
sub275,sub275/6.jpg
sub275,sub275/5.jpg
sub275,sub275/1.jpg
sub275,sub275/4.jpg
sub275,sub275/3.jpg
sub349,sub349/2.jpg
sub349,sub349/6.jpg
sub349,sub349/5.jpg
sub349,sub349/1.jpg
sub349,sub349/4.jpg
sub349,sub349/3.jpg
sub009,sub009/2.jpg
sub009,sub009/6.jpg
sub009,sub009/5.jpg
sub009,sub009/1.jpg
sub009,sub009/4.jpg
sub009,sub009/3.jpg
sub285,sub285/6.jpg
sub285,sub285/5.jpg
sub285,sub285/1.jpg
sub285,sub285/4.jpg
sub285,sub285/3.jpg
sub039,sub039/2.jpg
sub039,sub039/6.jpg
sub039,sub039/1.jpg
sub039,sub039/4.jpg
sub039,sub039/3.jpg
sub214,sub214/2.jpg
sub214,sub214/6.jpg
sub214,sub214/5.jpg
sub214,sub214/1.jpg
sub214,sub214/3.jpg
sub121,sub121/2.jpg
sub121,sub121/6.jpg
sub121,sub121/5.jpg
sub121,sub121/1.jpg
sub121,sub121/4.jpg
sub170,sub170/2.jpg
sub170,sub170/6.jpg
sub170,sub170/5.jpg
sub170,sub170/1.jpg
sub170,sub170/4.jpg
sub170,sub170/3.jpg
sub203,sub203/2.jpg
sub203,sub203/5.jpg
sub203,sub203/1.jpg
sub203,sub203/4.jpg
sub203,sub203/3.jpg
sub393,sub393/2.jpg
sub393,sub393/6.jpg
sub393,sub393/5.jpg
sub393,sub393/1.jpg
sub393,sub393/3.jpg
sub104,sub104/2.jpg
sub104,sub104/6.jpg
sub104,sub104/5.jpg
sub104,sub104/1.jpg
sub104,sub104/4.jpg
sub104,sub104/3.jpg
sub072,sub072/2.jpg
sub072,sub072/5.jpg
sub072,sub072/1.jpg
sub072,sub072/4.jpg
sub072,sub072/3.jpg
sub181,sub181/2.jpg
sub181,sub181/6.jpg
sub181,sub181/5.jpg
sub181,sub181/1.jpg
sub181,sub181/4.jpg
sub181,sub181/3.jpg
sub033,sub033/2.jpg
sub033,sub033/6.jpg
sub033,sub033/5.jpg
sub033,sub033/1.jpg
sub033,sub033/4.jpg
sub033,sub033/3.jpg
sub192,sub192/2.jpg
sub192,sub192/6.jpg
sub192,sub192/5.jpg
sub192,sub192/1.jpg
sub192,sub192/4.jpg
sub192,sub192/3.jpg
sub373,sub373/2.jpg
sub373,sub373/6.jpg
sub373,sub373/5.jpg
sub373,sub373/1.jpg
sub373,sub373/4.jpg
sub373,sub373/3.jpg
sub047,sub047/2.jpg
sub047,sub047/6.jpg
sub047,sub047/5.jpg
sub047,sub047/1.jpg
sub047,sub047/4.jpg
sub047,sub047/3.jpg
sub116,sub116/2.jpg
sub116,sub116/6.jpg
sub116,sub116/5.jpg
sub116,sub116/1.jpg
sub116,sub116/4.jpg
sub116,sub116/3.jpg
sub403,sub403/2.jpg
sub403,sub403/6.jpg
sub403,sub403/5.jpg
sub403,sub403/1.jpg
sub403,sub403/3.jpg
sub207,sub207/2.jpg
sub207,sub207/5.jpg
sub207,sub207/4.jpg
sub207,sub207/3.jpg
sub187,sub187/2.jpg
sub187,sub187/6.jpg
sub187,sub187/5.jpg
sub187,sub187/1.jpg
sub187,sub187/4.jpg
sub187,sub187/3.jpg
sub183,sub183/2.jpg
sub183,sub183/6.jpg
sub183,sub183/5.jpg
sub183,sub183/1.jpg
sub183,sub183/4.jpg
sub183,sub183/3.jpg
sub315,sub315/6.jpg
sub315,sub315/5.jpg
sub315,sub315/1.jpg
sub315,sub315/4.jpg
sub315,sub315/3.jpg
sub235,sub235/2.jpg
sub235,sub235/6.jpg
sub235,sub235/5.jpg
sub235,sub235/1.jpg
sub235,sub235/4.jpg
sub235,sub235/3.jpg
sub194,sub194/2.jpg
sub194,sub194/6.jpg
sub194,sub194/5.jpg
sub194,sub194/1.jpg
sub194,sub194/4.jpg
sub194,sub194/3.jpg
sub020,sub020/2.jpg
sub020,sub020/5.jpg
sub020,sub020/1.jpg
sub020,sub020/4.jpg
sub020,sub020/3.jpg
sub059,sub059/6.jpg
sub059,sub059/5.jpg
sub059,sub059/1.jpg
sub059,sub059/4.jpg
sub059,sub059/3.jpg
sub013,sub013/2.jpg
sub013,sub013/6.jpg
sub013,sub013/1.jpg
sub013,sub013/4.jpg
sub013,sub013/3.jpg
sub010,sub010/6.jpg
sub010,sub010/5.jpg
sub010,sub010/1.jpg
sub010,sub010/4.jpg
sub010,sub010/3.jpg
sub363,sub363/6.jpg
sub363,sub363/5.jpg
sub363,sub363/1.jpg
sub363,sub363/4.jpg
sub332,sub332/2.jpg
sub332,sub332/6.jpg
sub332,sub332/5.jpg
sub332,sub332/1.jpg
sub332,sub332/3.jpg
sub361,sub361/2.jpg
sub361,sub361/6.jpg
sub361,sub361/5.jpg
sub361,sub361/1.jpg
sub361,sub361/4.jpg
sub361,sub361/3.jpg
sub091,sub091/2.jpg
sub091,sub091/6.jpg
sub091,sub091/5.jpg
sub091,sub091/1.jpg
sub091,sub091/4.jpg
sub091,sub091/3.jpg
sub273,sub273/2.jpg
sub273,sub273/6.jpg
sub273,sub273/5.jpg
sub273,sub273/1.jpg
sub273,sub273/4.jpg
sub273,sub273/3.jpg
sub239,sub239/2.jpg
sub239,sub239/6.jpg
sub239,sub239/5.jpg
sub239,sub239/1.jpg
sub239,sub239/4.jpg
sub239,sub239/3.jpg
sub069,sub069/2.jpg
sub069,sub069/6.jpg
sub069,sub069/1.jpg
sub069,sub069/4.jpg
sub069,sub069/3.jpg
sub001,sub001/2.jpg
sub001,sub001/6.jpg
sub001,sub001/4 .jpg
sub001,sub001/1.jpg
sub001,sub001/3.jpg
sub060,sub060/2.jpg
sub060,sub060/6.jpg
sub060,sub060/5.jpg
sub060,sub060/1.jpg
sub060,sub060/4.jpg
sub060,sub060/3.jpg
sub237,sub237/2.jpg
sub237,sub237/6.jpg
sub237,sub237/5.jpg
sub237,sub237/1.jpg
sub237,sub237/4.jpg
sub237,sub237/3.jpg
sub082,sub082/2.jpg
sub082,sub082/6.jpg
sub082,sub082/5.jpg
sub082,sub082/1.jpg
sub082,sub082/4.jpg
sub082,sub082/3.jpg
sub300,sub300/2.jpg
sub300,sub300/6.jpg
sub300,sub300/5.jpg
sub300,sub300/1.jpg
sub300,sub300/4.jpg
sub300,sub300/3.jpg
sub400,sub400/5.jpg
sub400,sub400/1.jpg
sub400,sub400/3.jpg
sub344,sub344/2.jpg
sub344,sub344/6.jpg
sub344,sub344/5.jpg
sub344,sub344/1.jpg
sub344,sub344/4.jpg
sub344,sub344/3.jpg
sub276,sub276/2.jpg
sub276,sub276/5.jpg
sub276,sub276/1.jpg
sub276,sub276/4.jpg
sub276,sub276/3.jpg
sub131,sub131/2.jpg
sub131,sub131/6.jpg
sub131,sub131/5.jpg
sub131,sub131/1.jpg
sub131,sub131/4.jpg
sub131,sub131/3.jpg
sub287,sub287/2.jpg
sub287,sub287/6.jpg
sub287,sub287/5.jpg
sub287,sub287/1.jpg
sub287,sub287/4.jpg
sub287,sub287/3.jpg
sub397,sub397/2.jpg
sub397,sub397/6.jpg
sub397,sub397/1.jpg
sub397,sub397/3.jpg
sub396,sub396/2.jpg
sub396,sub396/6.jpg
sub396,sub396/5.jpg
sub396,sub396/1.jpg
sub396,sub396/4.jpg
sub396,sub396/3.jpg
sub097,sub097/2.jpg
sub097,sub097/6.jpg
sub097,sub097/5.jpg
sub097,sub097/1.jpg
sub097,sub097/4.jpg
sub097,sub097/3.jpg
sub153,sub153/2.jpg
sub153,sub153/6.jpg
sub153,sub153/5.jpg
sub153,sub153/1.jpg
sub153,sub153/4.jpg
sub153,sub153/3.jpg
sub079,sub079/2.jpg
sub079,sub079/6.jpg
sub079,sub079/5.jpg
sub079,sub079/1.jpg
sub079,sub079/4.jpg
sub079,sub079/3.jpg
sub217,sub217/6.jpg
sub217,sub217/5.jpg
sub217,sub217/1.jpg
sub217,sub217/4.jpg
sub217,sub217/3.jpg
sub105,sub105/2.jpg
sub105,sub105/6.jpg
sub105,sub105/5.jpg
sub105,sub105/1.jpg
sub105,sub105/4.jpg
sub105,sub105/3.jpg
sub147,sub147/2.jpg
sub147,sub147/6.jpg
sub147,sub147/1.jpg
sub147,sub147/4.jpg
sub355,sub355/2.jpg
sub355,sub355/5.jpg
sub355,sub355/1.jpg
sub355,sub355/4.jpg
sub355,sub355/3.jpg
sub102,sub102/2.jpg
sub102,sub102/6.jpg
sub102,sub102/5.jpg
sub102,sub102/1.jpg
sub102,sub102/4.jpg
sub102,sub102/3.jpg
sub371,sub371/2.jpg
sub371,sub371/6.jpg
sub371,sub371/1.jpg
sub371,sub371/4.jpg
sub215,sub215/2.jpg
sub215,sub215/6.jpg
sub215,sub215/5.jpg
sub215,sub215/1.jpg
sub215,sub215/4.jpg
sub215,sub215/3.jpg
sub081,sub081/2.jpg
sub081,sub081/6.jpg
sub081,sub081/5.jpg
sub081,sub081/1.jpg
sub081,sub081/4.jpg
sub081,sub081/3.jpg
sub096,sub096/2.jpg
sub096,sub096/6.jpg
sub096,sub096/5.jpg
sub096,sub096/1.jpg
sub096,sub096/4.jpg
sub096,sub096/3.jpg
sub317,sub317/2.jpg
sub317,sub317/6.jpg
sub317,sub317/5.jpg
sub317,sub317/1.jpg
sub317,sub317/4.jpg
sub317,sub317/3.jpg
sub107,sub107/2.jpg
sub107,sub107/6.jpg
sub107,sub107/5.jpg
sub107,sub107/1.jpg
sub107,sub107/4.jpg
sub107,sub107/3.jpg
sub234,sub234/2.jpg
sub234,sub234/6.jpg
sub234,sub234/5.jpg
sub234,sub234/1.jpg
sub234,sub234/4.jpg
sub234,sub234/3.jpg
sub394,sub394/2.jpg
sub394,sub394/6.jpg
sub394,sub394/5.jpg
sub394,sub394/1.jpg
sub394,sub394/4.jpg
sub394,sub394/3.jpg
sub093,sub093/2.jpg
sub093,sub093/6.jpg
sub093,sub093/5.jpg
sub093,sub093/1.jpg
sub093,sub093/4.jpg
sub093,sub093/3.jpg
sub018,sub018/2.jpg
sub018,sub018/6.jpg
sub018,sub018/5.jpg
sub018,sub018/1.jpg
sub018,sub018/4.jpg
sub018,sub018/3.jpg
sub387,sub387/2.jpg
sub387,sub387/6.jpg
sub387,sub387/5.jpg
sub387,sub387/1.jpg
sub387,sub387/4.jpg
sub387,sub387/3.jpg
sub376,sub376/2.jpg
sub376,sub376/6.jpg
sub376,sub376/5.jpg
sub376,sub376/1.jpg
sub376,sub376/4.jpg
sub376,sub376/3.jpg
sub200,sub200/2.jpg
sub200,sub200/5.jpg
sub200,sub200/1.jpg
sub200,sub200/4.jpg
sub200,sub200/3.jpg
sub382,sub382/2.jpg
sub382,sub382/6.jpg
sub382,sub382/5.jpg
sub382,sub382/1.jpg
sub382,sub382/4.jpg
sub382,sub382/3.jpg
sub080,sub080/2.jpg
sub080,sub080/6.jpg
sub080,sub080/5.jpg
sub080,sub080/1.jpg
sub080,sub080/4.jpg
sub080,sub080/3.jpg
sub250,sub250/2.jpg
sub250,sub250/6.jpg
sub250,sub250/5.jpg
sub250,sub250/1.jpg
sub250,sub250/3.jpg
sub174,sub174/2.jpg
sub174,sub174/6.jpg
sub174,sub174/5.jpg
sub174,sub174/1.jpg
sub174,sub174/4.jpg
sub174,sub174/3.jpg
sub014,sub014/2.jpg
sub014,sub014/6.jpg
sub014,sub014/5.jpg
sub014,sub014/1.jpg
sub014,sub014/4.jpg
sub014,sub014/3.jpg
sub221,sub221/2.jpg
sub221,sub221/6.jpg
sub221,sub221/5.jpg
sub221,sub221/1.jpg
sub221,sub221/4.jpg
sub221,sub221/3.jpg
sub166,sub166/2.jpg
sub166,sub166/6.jpg
sub166,sub166/5.jpg
sub166,sub166/1.jpg
sub166,sub166/3.jpg
sub368,sub368/2.jpg
sub368,sub368/6.jpg
sub368,sub368/5.jpg
sub368,sub368/1.jpg
sub368,sub368/4.jpg
sub368,sub368/3.jpg
sub266,sub266/2.jpg
sub266,sub266/6.jpg
sub266,sub266/1.jpg
sub266,sub266/4.jpg
sub266,sub266/3.jpg
sub058,sub058/2.jpg
sub058,sub058/6.jpg
sub058,sub058/5.jpg
sub058,sub058/1.jpg
sub058,sub058/4.jpg
sub058,sub058/3.jpg
sub244,sub244/2.jpg
sub244,sub244/6.jpg
sub244,sub244/5.jpg
sub244,sub244/1.jpg
sub244,sub244/4.jpg
sub244,sub244/3.jpg
sub313,sub313/2.jpg
sub313,sub313/6.jpg
sub313,sub313/5.jpg
sub313,sub313/1.jpg
sub313,sub313/4.jpg
sub313,sub313/3.jpg
sub151,sub151/2.jpg
sub151,sub151/6.jpg
sub151,sub151/5.jpg
sub151,sub151/1.jpg
sub151,sub151/4.jpg
sub151,sub151/3.jpg
sub316,sub316/2.jpg
sub316,sub316/6.jpg
sub316,sub316/5.jpg
sub316,sub316/1.jpg
sub316,sub316/4.jpg
sub316,sub316/3.jpg
sub270,sub270/2.jpg
sub270,sub270/5.jpg
sub270,sub270/1.jpg
sub270,sub270/4.jpg
sub270,sub270/3.jpg
sub338,sub338/5.jpg
sub338,sub338/1.jpg
sub338,sub338/4.jpg
sub338,sub338/3.jpg
sub052,sub052/2.jpg
sub052,sub052/6.jpg
sub052,sub052/5.jpg
sub052,sub052/1.jpg
sub052,sub052/4.jpg
sub052,sub052/3.jpg
sub100,sub100/2.jpg
sub100,sub100/6.jpg
sub100,sub100/5.jpg
sub100,sub100/1.jpg
sub100,sub100/4.jpg
sub100,sub100/3.jpg
sub381,sub381/2.jpg
sub381,sub381/6.jpg
sub381,sub381/1.jpg
sub381,sub381/4.jpg
sub381,sub381/3.jpg
sub312,sub312/2.jpg
sub312,sub312/6.jpg
sub312,sub312/5.jpg
sub312,sub312/1.jpg
sub312,sub312/3.jpg
sub213,sub213/2.jpg
sub213,sub213/6.jpg
sub213,sub213/5.jpg
sub213,sub213/1.jpg
sub213,sub213/4.jpg
sub213,sub213/3.jpg
sub084,sub084/2.jpg
sub084,sub084/6.jpg
sub084,sub084/5.jpg
sub084,sub084/1.jpg
sub084,sub084/4.jpg
sub084,sub084/3.jpg
sub108,sub108/2.jpg
sub108,sub108/6.jpg
sub108,sub108/5.jpg
sub108,sub108/1.jpg
sub108,sub108/4.jpg
sub108,sub108/3.jpg
sub358,sub358/6.jpg
sub358,sub358/5.jpg
sub358,sub358/1.jpg
sub358,sub358/3.jpg
sub035,sub035/2.jpg
sub035,sub035/6.jpg
sub035,sub035/1.jpg
sub035,sub035/4.jpg
sub399,sub399/2.jpg
sub399,sub399/6.jpg
sub399,sub399/5.jpg
sub399,sub399/1.jpg
sub399,sub399/4.jpg
sub399,sub399/3.jpg
sub057,sub057/2.jpg
sub057,sub057/6.jpg
sub057,sub057/5.jpg
sub057,sub057/1.jpg
sub057,sub057/4.jpg
sub057,sub057/3.jpg
sub026,sub026/2.jpg
sub026,sub026/6.jpg
sub026,sub026/1.jpg
sub026,sub026/3.jpg
sub348,sub348/2.jpg
sub348,sub348/6.jpg
sub348,sub348/5.jpg
sub348,sub348/1.jpg
sub348,sub348/4.jpg
sub348,sub348/3.jpg
sub283,sub283/2.jpg
sub283,sub283/6.jpg
sub283,sub283/5.jpg
sub283,sub283/1.jpg
sub283,sub283/4.jpg
sub283,sub283/3.jpg
sub085,sub085/2.jpg
sub085,sub085/6.jpg
sub085,sub085/5.jpg
sub085,sub085/1.jpg
sub085,sub085/4.jpg
sub085,sub085/3.jpg
sub031,sub031/2.jpg
sub031,sub031/6.jpg
sub031,sub031/1.jpg
sub031,sub031/4.jpg
sub031,sub031/3.jpg
sub135,sub135/6.jpg
sub135,sub135/5.jpg
sub135,sub135/1.jpg
sub135,sub135/4.jpg
sub135,sub135/3.jpg
sub345,sub345/2.jpg
sub345,sub345/6.jpg
sub345,sub345/5.jpg
sub345,sub345/1.jpg
sub345,sub345/4.jpg
sub345,sub345/3.jpg
sub229,sub229/2.jpg
sub229,sub229/6.jpg
sub229,sub229/5.jpg
sub229,sub229/1.jpg
sub229,sub229/4.jpg
sub229,sub229/3.jpg
sub090,sub090/2.jpg
sub090,sub090/6.jpg
sub090,sub090/5.jpg
sub090,sub090/1.jpg
sub090,sub090/4.jpg
sub090,sub090/3.jpg
sub353,sub353/2.jpg
sub353,sub353/5.jpg
sub353,sub353/1.jpg
sub353,sub353/4.jpg
sub353,sub353/3.jpg
sub265,sub265/2.jpg
sub265,sub265/6.jpg
sub265,sub265/5.jpg
sub265,sub265/1.jpg
sub265,sub265/4.jpg
sub265,sub265/3.jpg
sub022,sub022/2.jpg
sub022,sub022/6.jpg
sub022,sub022/5.jpg
sub022,sub022/1.jpg
sub022,sub022/4.jpg
sub022,sub022/3.jpg
sub297,sub297/2.jpg
sub297,sub297/5.jpg
sub297,sub297/1.jpg
sub297,sub297/4.jpg
sub297,sub297/3.jpg
sub390,sub390/2.jpg
sub390,sub390/6.jpg
sub390,sub390/5.jpg
sub390,sub390/1.jpg
sub390,sub390/4.jpg
sub390,sub390/3.jpg
sub073,sub073/2.jpg
sub073,sub073/6.jpg
sub073,sub073/5.jpg
sub073,sub073/1.jpg
sub073,sub073/4.jpg
sub073,sub073/3.jpg
sub157,sub157/2.jpg
sub157,sub157/6.jpg
sub157,sub157/5.jpg
sub157,sub157/1.jpg
sub157,sub157/4.jpg
sub157,sub157/3.jpg
sub177,sub177/2.jpg
sub177,sub177/6.jpg
sub177,sub177/1.jpg
sub177,sub177/4.jpg
sub177,sub177/3.jpg
sub145,sub145/2.jpg
sub145,sub145/6.jpg
sub145,sub145/5.jpg
sub145,sub145/1.jpg
sub145,sub145/4.jpg
sub145,sub145/3.jpg
sub359,sub359/2.jpg
sub359,sub359/5.jpg
sub359,sub359/1.jpg
sub359,sub359/4.jpg
sub401,sub401/2.jpg
sub401,sub401/6.jpg
sub401,sub401/1.jpg
sub401,sub401/4.jpg
sub077,sub077/2.jpg
sub077,sub077/6.jpg
sub077,sub077/5.jpg
sub077,sub077/1.jpg
sub077,sub077/4.jpg
sub077,sub077/3.jpg
sub098,sub098/2.jpg
sub098,sub098/6.jpg
sub098,sub098/5.jpg
sub098,sub098/1.jpg
sub098,sub098/4.jpg
sub098,sub098/3.jpg
sub352,sub352/6.jpg
sub352,sub352/5.jpg
sub352,sub352/1.jpg
sub352,sub352/4.jpg
sub352,sub352/3.jpg
sub155,sub155/2.jpg
sub155,sub155/6.jpg
sub155,sub155/5.jpg
sub155,sub155/1.jpg
sub155,sub155/4.jpg
sub155,sub155/3.jpg
sub284,sub284/6.jpg
sub284,sub284/5.jpg
sub284,sub284/1.jpg
sub284,sub284/4.jpg
sub165,sub165/2.jpg
sub165,sub165/6.jpg
sub165,sub165/5.jpg
sub165,sub165/1.jpg
sub165,sub165/4.jpg
sub165,sub165/3.jpg
sub144,sub144/2.jpg
sub144,sub144/6.jpg
sub144,sub144/5.jpg
sub144,sub144/1.jpg
sub144,sub144/4.jpg
sub144,sub144/3.jpg
sub061,sub061/2.jpg
sub061,sub061/5.jpg
sub061,sub061/1.jpg
sub061,sub061/3.jpg
sub227,sub227/2.jpg
sub227,sub227/6.jpg
sub227,sub227/5.jpg
sub227,sub227/1.jpg
sub227,sub227/4.jpg
sub227,sub227/3.jpg
sub070,sub070/2.jpg
sub070,sub070/6.jpg
sub070,sub070/5.jpg
sub070,sub070/1.jpg
sub070,sub070/4.jpg
sub070,sub070/3.jpg
sub372,sub372/2.jpg
sub372,sub372/6.jpg
sub372,sub372/5.jpg
sub372,sub372/1.jpg
sub372,sub372/4.jpg
sub372,sub372/3.jpg
sub246,sub246/2.jpg
sub246,sub246/6.jpg
sub246,sub246/5.jpg
sub246,sub246/1.jpg
sub246,sub246/4.jpg
sub246,sub246/3.jpg
sub334,sub334/2.jpg
sub334,sub334/5.jpg
sub334,sub334/1.jpg
sub334,sub334/4.jpg
sub334,sub334/3.jpg
sub065,sub065/2.jpg
sub065,sub065/6.jpg
sub065,sub065/5.jpg
sub065,sub065/1.jpg
sub065,sub065/4.jpg
sub065,sub065/3.jpg
sub071,sub071/2.jpg
sub071,sub071/6.jpg
sub071,sub071/5.jpg
sub071,sub071/1.jpg
sub071,sub071/4.jpg
sub071,sub071/3.jpg
sub019,sub019/2.jpg
sub019,sub019/6.jpg
sub019,sub019/5.jpg
sub019,sub019/1.jpg
sub019,sub019/4.jpg
sub019,sub019/3.jpg
sub384,sub384/2.jpg
sub384,sub384/6.jpg
sub384,sub384/5.jpg
sub384,sub384/1.jpg
sub384,sub384/4.jpg
sub402,sub402/2.jpg
sub402,sub402/6.jpg
sub402,sub402/5.jpg
sub402,sub402/1.jpg
sub402,sub402/4.jpg
sub402,sub402/3.jpg
sub184,sub184/2.jpg
sub184,sub184/5.jpg
sub184,sub184/1.jpg
sub184,sub184/4.jpg
sub184,sub184/3.jpg
sub095,sub095/2.jpg
sub095,sub095/6.jpg
sub095,sub095/1.jpg
sub095,sub095/4.jpg
sub095,sub095/3.jpg
sub103,sub103/2.jpg
sub103,sub103/6.jpg
sub103,sub103/5.jpg
sub103,sub103/1.jpg
sub103,sub103/4.jpg
sub103,sub103/3.jpg
sub140,sub140/2.jpg
sub140,sub140/6.jpg
sub140,sub140/1.jpg
sub140,sub140/4.jpg
sub140,sub140/3.jpg
sub078,sub078/2.jpg
sub078,sub078/6.jpg
sub078,sub078/5.jpg
sub078,sub078/1.jpg
sub078,sub078/4.jpg
sub078,sub078/3.jpg
sub128,sub128/2.jpg
sub128,sub128/6.jpg
sub128,sub128/5.jpg
sub128,sub128/1.jpg
sub128,sub128/4.jpg
sub128,sub128/3.jpg
sub134,sub134/2.jpg
sub134,sub134/6.jpg
sub134,sub134/5.jpg
sub134,sub134/1.jpg
sub134,sub134/4.jpg
sub134,sub134/3.jpg
sub027,sub027/2.jpg
sub027,sub027/6.jpg
sub027,sub027/5.jpg
sub027,sub027/1.jpg
sub027,sub027/3.jpg
sub392,sub392/2.jpg
sub392,sub392/6.jpg
sub392,sub392/5.jpg
sub392,sub392/1.jpg
sub392,sub392/4.jpg
sub392,sub392/3.jpg
sub139,sub139/2.jpg
sub139,sub139/5.jpg
sub139,sub139/1.jpg
sub139,sub139/4.jpg
sub139,sub139/3.jpg
sub083,sub083/2.jpg
sub083,sub083/5.jpg
sub083,sub083/1.jpg
sub083,sub083/4.jpg
sub083,sub083/3.jpg
sub185,sub185/2.jpg
sub185,sub185/6.jpg
sub185,sub185/5.jpg
sub185,sub185/1.jpg
sub185,sub185/4.jpg
sub185,sub185/3.jpg
sub263,sub263/2.jpg
sub263,sub263/6.jpg
sub263,sub263/5.jpg
sub263,sub263/1.jpg
sub263,sub263/4.jpg
sub263,sub263/3.jpg
sub050,sub050/2.jpg
sub050,sub050/6.jpg
sub050,sub050/5.jpg
sub050,sub050/1.jpg
sub050,sub050/4.jpg
sub050,sub050/3.jpg
sub256,sub256/2.jpg
sub256,sub256/6.jpg
sub256,sub256/5.jpg
sub256,sub256/1.jpg
sub256,sub256/3.jpg
sub015,sub015/2.jpg
sub015,sub015/6.jpg
sub015,sub015/5.jpg
sub015,sub015/1.jpg
sub015,sub015/4.jpg
sub015,sub015/3.jpg
sub032,sub032/2.jpg
sub032,sub032/5.jpg
sub032,sub032/1.jpg
sub032,sub032/4.jpg
sub032,sub032/3.jpg
sub405,sub405/2.jpg
sub405,sub405/5.jpg
sub405,sub405/1.jpg
sub405,sub405/3.jpg
sub201,sub201/2.jpg
sub201,sub201/6.jpg
sub201,sub201/5.jpg
sub201,sub201/1.jpg
sub201,sub201/4.jpg
sub201,sub201/3.jpg
sub099,sub099/2.jpg
sub099,sub099/6.jpg
sub099,sub099/5.jpg
sub099,sub099/1.jpg
sub099,sub099/4.jpg
sub099,sub099/3.jpg
sub041,sub041/2.jpg
sub041,sub041/6.jpg
sub041,sub041/4.jpg
sub280,sub280/2.jpg
sub280,sub280/6.jpg
sub280,sub280/5.jpg
sub280,sub280/1.jpg
sub280,sub280/4.jpg
sub280,sub280/3.jpg
sub179,sub179/2.jpg
sub179,sub179/6.jpg
sub179,sub179/5.jpg
sub179,sub179/1.jpg
sub179,sub179/4.jpg
sub179,sub179/3.jpg
sub006,sub006/2.jpg
sub006,sub006/6.jpg
sub006,sub006/5.jpg
sub006,sub006/1.jpg
sub006,sub006/3.jpg
sub043,sub043/2.jpg
sub043,sub043/6.jpg
sub043,sub043/5.jpg
sub043,sub043/1.jpg
sub043,sub043/4.jpg
sub043,sub043/3.jpg
sub309,sub309/2.jpg
sub309,sub309/6.jpg
sub309,sub309/5.jpg
sub309,sub309/1.jpg
sub309,sub309/4.jpg
sub309,sub309/3.jpg
sub208,sub208/2.jpg
sub208,sub208/6.jpg
sub208,sub208/5.jpg
sub208,sub208/1.jpg
sub208,sub208/4.jpg
sub208,sub208/3.jpg
sub118,sub118/2.jpg
sub118,sub118/6.jpg
sub118,sub118/5.jpg
sub118,sub118/1.jpg
sub118,sub118/4.jpg
sub118,sub118/3.jpg
sub016,sub016/2.jpg
sub016,sub016/6.jpg
sub016,sub016/1.jpg
sub230,sub230/2.jpg
sub230,sub230/6.jpg
sub230,sub230/5.jpg
sub230,sub230/1.jpg
sub230,sub230/4.jpg
sub230,sub230/3.jpg
sub245,sub245/6.jpg
sub245,sub245/5.jpg
sub245,sub245/1.jpg
sub064,sub064/2.jpg
sub064,sub064/6.jpg
sub064,sub064/1.jpg
sub064,sub064/4.jpg
sub064,sub064/3.jpg
sub211,sub211/2.jpg
sub211,sub211/6.jpg
sub211,sub211/5.jpg
sub211,sub211/1.jpg
sub211,sub211/4.jpg
sub211,sub211/3.jpg
sub163,sub163/2.jpg
sub163,sub163/6.jpg
sub163,sub163/5.jpg
sub163,sub163/1.jpg
sub163,sub163/4.jpg
sub163,sub163/3.jpg
sub306,sub306/2.jpg
sub306,sub306/6.jpg
sub306,sub306/5.jpg
sub306,sub306/1.jpg
sub306,sub306/3.jpg
sub305,sub305/2.jpg
sub305,sub305/6.jpg
sub305,sub305/5.jpg
sub305,sub305/1.jpg
sub305,sub305/4.jpg
sub305,sub305/3.jpg
sub282,sub282/2.jpg
sub282,sub282/5.jpg
sub282,sub282/4.jpg
sub282,sub282/3.jpg
sub231,sub231/2.jpg
sub231,sub231/1.jpg
sub231,sub231/4.jpg
sub231,sub231/3.jpg
sub074,sub074/2.jpg
sub074,sub074/6.jpg
sub074,sub074/5.jpg
sub074,sub074/1.jpg
sub074,sub074/4.jpg
sub074,sub074/3.jpg
sub350,sub350/2.jpg
sub350,sub350/6.jpg
sub350,sub350/5.jpg
sub350,sub350/1.jpg
sub350,sub350/4.jpg
sub350,sub350/3.jpg
sub212,sub212/6.jpg
sub212,sub212/5.jpg
sub212,sub212/1.jpg
sub212,sub212/4.jpg
sub322,sub322/2.jpg
sub322,sub322/6.jpg
sub322,sub322/5.jpg
sub322,sub322/1.jpg
sub322,sub322/4.jpg
sub322,sub322/3.jpg
sub112,sub112/2.jpg
sub112,sub112/6.jpg
sub112,sub112/5.jpg
sub112,sub112/1.jpg
sub112,sub112/4.jpg
sub112,sub112/3.jpg
sub243,sub243/2.jpg
sub243,sub243/6.jpg
sub243,sub243/5.jpg
sub243,sub243/1.jpg
sub243,sub243/4.jpg
sub243,sub243/3.jpg
sub377,sub377/2.jpg
sub377,sub377/6.jpg
sub377,sub377/5.jpg
sub377,sub377/1.jpg
sub377,sub377/4.jpg
sub377,sub377/3.jpg
sub148,sub148/2.jpg
sub148,sub148/6.jpg
sub148,sub148/5.jpg
sub148,sub148/1.jpg
sub148,sub148/4.jpg
sub148,sub148/3.jpg
sub216,sub216/2.jpg
sub216,sub216/6.jpg
sub216,sub216/5.jpg
sub216,sub216/1.jpg
sub216,sub216/4.jpg
sub216,sub216/3.jpg
sub113,sub113/2.jpg
sub113,sub113/6.jpg
sub113,sub113/5.jpg
sub113,sub113/1.jpg
sub113,sub113/4.jpg
sub113,sub113/3.jpg
sub075,sub075/2.jpg
sub075,sub075/6.jpg
sub075,sub075/1.jpg
sub075,sub075/4.jpg
sub075,sub075/3.jpg
sub220,sub220/2.jpg
sub220,sub220/6.jpg
sub220,sub220/5.jpg
sub220,sub220/1.jpg
sub220,sub220/4.jpg
sub220,sub220/3.jpg
sub336,sub336/2.jpg
sub336,sub336/6.jpg
sub336,sub336/5.jpg
sub336,sub336/1.jpg
sub336,sub336/4.jpg
sub336,sub336/3.jpg
sub325,sub325/2.jpg
sub325,sub325/6.jpg
sub325,sub325/5.jpg
sub325,sub325/1.jpg
sub325,sub325/4.jpg
sub325,sub325/3.jpg
sub021,sub021/2.jpg
sub021,sub021/6.jpg
sub021,sub021/5.jpg
sub021,sub021/1.jpg
sub021,sub021/4.jpg
sub044,sub044/2.jpg
sub044,sub044/6.jpg
sub044,sub044/5.jpg
sub044,sub044/1.jpg
sub044,sub044/4.jpg
sub044,sub044/3.jpg
sub327,sub327/2.jpg
sub327,sub327/6.jpg
sub327,sub327/5.jpg
sub327,sub327/1.jpg
sub327,sub327/4.jpg
sub327,sub327/3.jpg
sub146,sub146/2.jpg
sub146,sub146/6.jpg
sub146,sub146/5.jpg
sub146,sub146/1.jpg
sub146,sub146/4.jpg
sub146,sub146/3.jpg
sub114,sub114/2.jpg
sub114,sub114/6.jpg
sub114,sub114/5.jpg
sub114,sub114/1.jpg
sub114,sub114/4.jpg
sub114,sub114/3.jpg
sub374,sub374/2.jpg
sub374,sub374/6.jpg
sub374,sub374/5.jpg
sub374,sub374/1.jpg
sub374,sub374/4.jpg
sub374,sub374/3.jpg
sub172,sub172/2.jpg
sub172,sub172/6.jpg
sub172,sub172/5.jpg
sub172,sub172/1.jpg
sub172,sub172/4.jpg
sub172,sub172/3.jpg
sub127,sub127/2.jpg
sub127,sub127/6.jpg
sub127,sub127/5.jpg
sub127,sub127/1.jpg
sub127,sub127/4.jpg
sub127,sub127/3.jpg
sub277,sub277/2.jpg
sub277,sub277/6.jpg
sub277,sub277/5.jpg
sub277,sub277/1.jpg
sub277,sub277/4.jpg
sub277,sub277/3.jpg
sub063,sub063/6.jpg
sub063,sub063/5.jpg
sub063,sub063/1.jpg
sub063,sub063/4.jpg
sub063,sub063/3.jpg
sub186,sub186/2.jpg
sub186,sub186/6.jpg
sub186,sub186/5.jpg
sub186,sub186/1.jpg
sub186,sub186/4.jpg
sub186,sub186/3.jpg
sub204,sub204/2.jpg
sub204,sub204/6.jpg
sub204,sub204/5.jpg
sub204,sub204/1.jpg
sub204,sub204/4.jpg
sub204,sub204/3.jpg
sub176,sub176/2.jpg
sub176,sub176/6.jpg
sub176,sub176/5.jpg
sub176,sub176/1.jpg
sub176,sub176/4.jpg
sub176,sub176/3.jpg
sub188,sub188/2.jpg
sub188,sub188/6.jpg
sub188,sub188/5.jpg
sub188,sub188/1.jpg
sub188,sub188/4.jpg
sub188,sub188/3.jpg
sub042,sub042/2.jpg
sub042,sub042/5.jpg
sub042,sub042/1.jpg
sub042,sub042/3.jpg
sub331,sub331/6.jpg
sub331,sub331/5.jpg
sub331,sub331/1.jpg
sub331,sub331/4.jpg
sub331,sub331/3.jpg
sub161,sub161/2.jpg
sub161,sub161/6.jpg
sub161,sub161/5.jpg
sub161,sub161/1.jpg
sub161,sub161/4.jpg
sub028,sub028/2.jpg
sub028,sub028/6.jpg
sub028,sub028/1.jpg
sub028,sub028/4.jpg
sub028,sub028/3.jpg
sub167,sub167/2.jpg
sub167,sub167/6.jpg
sub167,sub167/5.jpg
sub167,sub167/1.jpg
sub167,sub167/4.jpg
sub167,sub167/3.jpg
sub115,sub115/2.jpg
sub115,sub115/6.jpg
sub115,sub115/5.jpg
sub115,sub115/1.jpg
sub115,sub115/4.jpg
sub115,sub115/3.jpg
sub106,sub106/2.jpg
sub106,sub106/6.jpg
sub106,sub106/5.jpg
sub106,sub106/1.jpg
sub106,sub106/4.jpg
sub106,sub106/3.jpg
sub136,sub136/2.jpg
sub136,sub136/6.jpg
sub136,sub136/5.jpg
sub136,sub136/1.jpg
sub136,sub136/4.jpg
sub136,sub136/3.jpg
sub357,sub357/2.jpg
sub357,sub357/6.jpg
sub357,sub357/5.jpg
sub357,sub357/1.jpg
sub357,sub357/4.jpg
sub357,sub357/3.jpg
sub326,sub326/2.jpg
sub326,sub326/6.jpg
sub326,sub326/5.jpg
sub326,sub326/1.jpg
sub326,sub326/4.jpg
sub326,sub326/3.jpg
sub366,sub366/2.jpg
sub366,sub366/6.jpg
sub366,sub366/5.jpg
sub366,sub366/1.jpg
sub366,sub366/4.jpg
sub366,sub366/3.jpg
sub226,sub226/2.jpg
sub226,sub226/6.jpg
sub226,sub226/5.jpg
sub226,sub226/1.jpg
sub226,sub226/4.jpg
sub226,sub226/3.jpg
sub388,sub388/2.jpg
sub388,sub388/6.jpg
sub388,sub388/5.jpg
sub388,sub388/1.jpg
sub388,sub388/4.jpg
sub388,sub388/3.jpg
sub232,sub232/2.jpg
sub232,sub232/6.jpg
sub232,sub232/5.jpg
sub232,sub232/1.jpg
sub232,sub232/4.jpg
sub232,sub232/3.jpg
sub271,sub271/2.jpg
sub271,sub271/6.jpg
sub271,sub271/5.jpg
sub271,sub271/1.jpg
sub271,sub271/4.jpg
sub271,sub271/3.jpg
sub189,sub189/2.jpg
sub189,sub189/5.jpg
sub189,sub189/1.jpg
sub189,sub189/4.jpg
sub189,sub189/3.jpg
sub321,sub321/6.jpg
sub321,sub321/5.jpg
sub321,sub321/1.jpg
sub321,sub321/4.jpg
sub321,sub321/3.jpg
sub259,sub259/2.jpg
sub259,sub259/6.jpg
sub259,sub259/5.jpg
sub259,sub259/1.jpg
sub259,sub259/4.jpg
sub259,sub259/3.jpg
sub261,sub261/2.jpg
sub261,sub261/6.jpg
sub261,sub261/5.jpg
sub261,sub261/1.jpg
sub261,sub261/4.jpg
sub261,sub261/3.jpg
sub260,sub260/2.jpg
sub260,sub260/6.jpg
sub260,sub260/5.jpg
sub260,sub260/1.jpg
sub260,sub260/4.jpg
sub260,sub260/3.jpg
sub238,sub238/2.jpg
sub238,sub238/6.jpg
sub238,sub238/5.jpg
sub238,sub238/1.jpg
sub238,sub238/4.jpg
sub238,sub238/3.jpg
sub328,sub328/2.jpg
sub328,sub328/6.jpg
sub328,sub328/5.jpg
sub328,sub328/1.jpg
sub328,sub328/4.jpg
sub328,sub328/3.jpg
sub367,sub367/2.jpg
sub367,sub367/6.jpg
sub367,sub367/5.jpg
sub367,sub367/1.jpg
sub367,sub367/4.jpg
sub367,sub367/3.jpg
sub068,sub068/2.jpg
sub068,sub068/6.jpg
sub068,sub068/5.jpg
sub068,sub068/1.jpg
sub068,sub068/4.jpg
sub068,sub068/3.jpg
sub218,sub218/2.jpg
sub218,sub218/6.jpg
sub218,sub218/5.jpg
sub218,sub218/1.jpg
sub218,sub218/4.jpg
sub218,sub218/3.jpg
sub291,sub291/2.jpg
sub291,sub291/6.jpg
sub291,sub291/5.jpg
sub291,sub291/1.jpg
sub291,sub291/4.jpg
sub003,sub003/2.jpg
sub003,sub003/6.jpg
sub003,sub003/5.jpg
sub003,sub003/4 .jpg
sub003,sub003/1.jpg
sub003,sub003/3.jpg
sub053,sub053/2.jpg
sub053,sub053/6.jpg
sub053,sub053/5.jpg
sub053,sub053/1.jpg
sub053,sub053/4.jpg
sub197,sub197/2.jpg
sub197,sub197/6.jpg
sub197,sub197/5.jpg
sub197,sub197/1.jpg
sub197,sub197/4.jpg
sub197,sub197/3.jpg
sub154,sub154/2.jpg
sub154,sub154/6.jpg
sub154,sub154/1.jpg
sub154,sub154/4.jpg
sub154,sub154/3.jpg
sub354,sub354/2.jpg
sub354,sub354/5.jpg
sub354,sub354/1.jpg
sub354,sub354/4.jpg
sub354,sub354/3.jpg
sub269,sub269/2.jpg
sub269,sub269/6.jpg
sub269,sub269/5.jpg
sub269,sub269/1.jpg
sub269,sub269/4.jpg
sub269,sub269/3.jpg
sub340,sub340/2.jpg
sub340,sub340/6.jpg
sub340,sub340/5.jpg
sub340,sub340/1.jpg
sub340,sub340/4.jpg
sub340,sub340/3.jpg
sub000,sub000/2.jpg
sub000,sub000/6.jpg
sub000,sub000/5.jpg
sub000,sub000/1.jpg
sub000,sub000/4.jpg
sub000,sub000/3.jpg
sub196,sub196/6.jpg
sub196,sub196/5.jpg
sub196,sub196/1.jpg
sub341,sub341/2.jpg
sub341,sub341/6.jpg
sub341,sub341/5.jpg
sub341,sub341/1.jpg
sub341,sub341/4.jpg
sub341,sub341/3.jpg
sub223,sub223/2.jpg
sub223,sub223/6.jpg
sub223,sub223/5.jpg
sub223,sub223/1.jpg
sub223,sub223/4.jpg
sub223,sub223/3.jpg
sub248,sub248/2.jpg
sub248,sub248/6.jpg
sub248,sub248/5.jpg
sub248,sub248/1.jpg
sub248,sub248/4.jpg
sub308,sub308/2.jpg
sub308,sub308/6.jpg
sub308,sub308/5.jpg
sub308,sub308/1.jpg
sub308,sub308/4.jpg
sub308,sub308/3.jpg
sub391,sub391/6.jpg
sub391,sub391/5.jpg
sub391,sub391/1.jpg
sub391,sub391/4.jpg
sub391,sub391/3.jpg
sub045,sub045/2.jpg
sub045,sub045/6.jpg
sub045,sub045/5.jpg
sub045,sub045/1.jpg
sub045,sub045/4.jpg
sub045,sub045/3.jpg
sub086,sub086/2.jpg
sub086,sub086/6.jpg
sub086,sub086/5.jpg
sub086,sub086/1.jpg
sub086,sub086/4.jpg
sub086,sub086/3.jpg
sub330,sub330/2.jpg
sub330,sub330/6.jpg
sub330,sub330/5.jpg
sub330,sub330/1.jpg
sub330,sub330/4.jpg
sub330,sub330/3.jpg
sub380,sub380/2.jpg
sub380,sub380/6.jpg
sub380,sub380/5.jpg
sub380,sub380/1.jpg
sub380,sub380/4.jpg
sub380,sub380/3.jpg
sub379,sub379/1.jpg
sub379,sub379/4.jpg
sub379,sub379/3.jpg
sub132,sub132/2.jpg
sub132,sub132/6.jpg
sub132,sub132/5.jpg
sub132,sub132/1.jpg
sub132,sub132/4.jpg
sub132,sub132/3.jpg
sub329,sub329/2.jpg
sub329,sub329/6.jpg
sub329,sub329/5.jpg
sub329,sub329/1.jpg
sub329,sub329/4.jpg
sub329,sub329/3.jpg
sub038,sub038/2.jpg
sub038,sub038/6.jpg
sub038,sub038/1.jpg
sub038,sub038/4.jpg
sub038,sub038/3.jpg
sub101,sub101/6.jpg
sub101,sub101/5.jpg
sub101,sub101/1.jpg
sub101,sub101/4.jpg
sub101,sub101/3.jpg
sub228,sub228/2.jpg
sub228,sub228/6.jpg
sub228,sub228/5.jpg
sub228,sub228/1.jpg
sub228,sub228/4.jpg
sub228,sub228/3.jpg
sub337,sub337/2.jpg
sub337,sub337/6.jpg
sub337,sub337/5.jpg
sub337,sub337/1.jpg
sub337,sub337/3.jpg
sub267,sub267/2.jpg
sub267,sub267/6.jpg
sub267,sub267/5.jpg
sub267,sub267/1.jpg
sub267,sub267/4.jpg
sub267,sub267/3.jpg
sub089,sub089/2.jpg
sub089,sub089/6.jpg
sub089,sub089/5.jpg
sub089,sub089/1.jpg
sub089,sub089/4.jpg
sub089,sub089/3.jpg
sub037,sub037/2.jpg
sub037,sub037/6.jpg
sub037,sub037/5.jpg
sub037,sub037/1.jpg
sub094,sub094/2.jpg
sub094,sub094/6.jpg
sub094,sub094/5.jpg
sub094,sub094/1.jpg
sub094,sub094/4.jpg
sub094,sub094/3.jpg
sub301,sub301/6.jpg
sub301,sub301/5.jpg
sub301,sub301/1.jpg
sub301,sub301/4.jpg
sub301,sub301/3.jpg
sub109,sub109/2.jpg
sub109,sub109/6.jpg
sub109,sub109/5.jpg
sub109,sub109/1.jpg
sub109,sub109/4.jpg
sub109,sub109/3.jpg
sub383,sub383/2.jpg
sub383,sub383/6.jpg
sub383,sub383/5.jpg
sub383,sub383/1.jpg
sub383,sub383/4.jpg
sub383,sub383/3.jpg
sub293,sub293/2.jpg
sub293,sub293/6.jpg
sub293,sub293/5.jpg
sub293,sub293/1.jpg
sub293,sub293/4.jpg
sub293,sub293/3.jpg
sub195,sub195/2.jpg
sub195,sub195/6.jpg
sub195,sub195/5.jpg
sub195,sub195/1.jpg
sub195,sub195/4.jpg
sub195,sub195/3.jpg
sub193,sub193/2.jpg
sub193,sub193/6.jpg
sub193,sub193/5.jpg
sub193,sub193/1.jpg
sub193,sub193/4.jpg
sub193,sub193/3.jpg
sub346,sub346/2.jpg
sub346,sub346/6.jpg
sub346,sub346/5.jpg
sub346,sub346/1.jpg
sub346,sub346/3.jpg
sub398,sub398/2.jpg
sub398,sub398/6.jpg
sub398,sub398/5.jpg
sub398,sub398/1.jpg
sub398,sub398/3.jpg
sub143,sub143/2.jpg
sub143,sub143/6.jpg
sub143,sub143/5.jpg
sub143,sub143/1.jpg
sub143,sub143/4.jpg
sub143,sub143/3.jpg
sub051,sub051/2.jpg
sub051,sub051/6.jpg
sub051,sub051/5.jpg
sub051,sub051/1.jpg
sub051,sub051/4.jpg
sub051,sub051/3.jpg
sub169,sub169/2.jpg
sub169,sub169/6.jpg
sub169,sub169/5.jpg
sub169,sub169/1.jpg
sub169,sub169/4.jpg
sub169,sub169/3.jpg
sub241,sub241/2.jpg
sub241,sub241/6.jpg
sub241,sub241/5.jpg
sub241,sub241/4.jpg
sub241,sub241/3.jpg
sub290,sub290/2.jpg
sub290,sub290/6.jpg
sub290,sub290/5.jpg
sub290,sub290/1.jpg
sub290,sub290/4.jpg
sub290,sub290/3.jpg
sub295,sub295/2.jpg
sub295,sub295/6.jpg
sub295,sub295/5.jpg
sub295,sub295/1.jpg
sub295,sub295/3.jpg
sub333,sub333/5.jpg
sub333,sub333/1.jpg
sub333,sub333/3.jpg
sub318,sub318/2.jpg
sub318,sub318/6.jpg
sub318,sub318/5.jpg
sub318,sub318/1.jpg
sub318,sub318/3.jpg
sub046,sub046/2.jpg
sub046,sub046/6.jpg
sub046,sub046/5.jpg
sub046,sub046/1.jpg
sub046,sub046/4.jpg
sub138,sub138/2.jpg
sub138,sub138/6.jpg
sub138,sub138/5.jpg
sub138,sub138/1.jpg
sub138,sub138/4.jpg
sub002,sub002/2.jpg
sub002,sub002/6.jpg
sub002,sub002/5.jpg
sub002,sub002/1.jpg
sub002,sub002/4.jpg
sub092,sub092/2.jpg
sub092,sub092/6.jpg
sub092,sub092/5.jpg
sub092,sub092/1.jpg
sub092,sub092/4.jpg
sub092,sub092/3.jpg
sub087,sub087/2.jpg
sub087,sub087/6.jpg
sub087,sub087/5.jpg
sub087,sub087/1.jpg
sub087,sub087/4.jpg
sub087,sub087/3.jpg
sub149,sub149/2.jpg
sub149,sub149/6.jpg
sub149,sub149/5.jpg
sub149,sub149/1.jpg
sub149,sub149/4.jpg
sub149,sub149/3.jpg
sub029,sub029/2.jpg
sub029,sub029/6.jpg
sub029,sub029/5.jpg
sub029,sub029/1.jpg
sub029,sub029/4.jpg
sub029,sub029/3.jpg
sub257,sub257/2.jpg
sub257,sub257/6.jpg
sub257,sub257/5.jpg
sub257,sub257/1.jpg
sub257,sub257/4.jpg
sub257,sub257/3.jpg
sub111,sub111/2.jpg
sub111,sub111/6.jpg
sub111,sub111/5.jpg
sub111,sub111/1.jpg
sub111,sub111/4.jpg
sub111,sub111/3.jpg
sub307,sub307/2.jpg
sub307,sub307/6.jpg
sub307,sub307/5.jpg
sub307,sub307/1.jpg
sub307,sub307/4.jpg
sub255,sub255/2.jpg
sub255,sub255/6.jpg
sub255,sub255/5.jpg
sub255,sub255/1.jpg
sub255,sub255/4.jpg
sub024,sub024/2.jpg
sub024,sub024/6.jpg
sub024,sub024/5.jpg
sub024,sub024/1.jpg
sub024,sub024/3.jpg
sub258,sub258/2.jpg
sub258,sub258/6.jpg
sub258,sub258/5.jpg
sub258,sub258/1.jpg
sub258,sub258/4.jpg
sub258,sub258/3.jpg
sub242,sub242/2.jpg
sub242,sub242/6.jpg
sub242,sub242/5.jpg
sub242,sub242/1.jpg
sub242,sub242/4.jpg
sub242,sub242/3.jpg
sub152,sub152/2.jpg
sub152,sub152/6.jpg
sub152,sub152/5.jpg
sub152,sub152/1.jpg
sub152,sub152/4.jpg
sub152,sub152/3.jpg
sub056,sub056/2.jpg
sub056,sub056/6.jpg
sub056,sub056/5.jpg
sub056,sub056/1.jpg
sub056,sub056/4.jpg
sub056,sub056/3.jpg
sub369,sub369/2.jpg
sub369,sub369/6.jpg
sub369,sub369/5.jpg
sub369,sub369/1.jpg
sub369,sub369/4.jpg
sub369,sub369/3.jpg
sub129,sub129/2.jpg
sub129,sub129/6.jpg
sub129,sub129/5.jpg
sub129,sub129/1.jpg
sub129,sub129/4.jpg
sub129,sub129/3.jpg
sub222,sub222/2.jpg
sub222,sub222/6.jpg
sub222,sub222/5.jpg
sub222,sub222/1.jpg
sub222,sub222/4.jpg
sub222,sub222/3.jpg
sub023,sub023/2.jpg
sub023,sub023/6.jpg
sub023,sub023/5.jpg
sub023,sub023/1.jpg
sub023,sub023/4.jpg
sub023,sub023/3.jpg
sub310,sub310/2.jpg
sub310,sub310/5.jpg
sub310,sub310/1.jpg
sub310,sub310/3.jpg
sub162,sub162/2.jpg
sub162,sub162/6.jpg
sub162,sub162/5.jpg
sub162,sub162/1.jpg
sub162,sub162/4.jpg
sub162,sub162/3.jpg
sub251,sub251/2.jpg
sub251,sub251/6.jpg
sub251,sub251/1.jpg
sub251,sub251/4.jpg
sub251,sub251/3.jpg
sub342,sub342/2.jpg
sub342,sub342/6.jpg
sub342,sub342/5.jpg
sub342,sub342/1.jpg
sub342,sub342/4.jpg
sub342,sub342/3.jpg
sub012,sub012/2.jpg
sub012,sub012/6.jpg
sub012,sub012/5.jpg
sub012,sub012/1.jpg
sub012,sub012/4.jpg
sub012,sub012/3.jpg
sub120,sub120/2.jpg
sub120,sub120/6.jpg
sub120,sub120/5.jpg
sub120,sub120/1.jpg
sub120,sub120/4.jpg
sub120,sub120/3.jpg
sub067,sub067/2.jpg
sub067,sub067/6.jpg
sub067,sub067/5.jpg
sub067,sub067/1.jpg
sub067,sub067/4.jpg
sub067,sub067/3.jpg
sub164,sub164/2.jpg
sub164,sub164/6.jpg
sub164,sub164/5.jpg
sub164,sub164/1.jpg
sub164,sub164/4.jpg
sub164,sub164/3.jpg
sub268,sub268/2.jpg
sub268,sub268/6.jpg
sub268,sub268/5.jpg
sub268,sub268/1.jpg
sub268,sub268/4.jpg
sub268,sub268/3.jpg
sub004,sub004/2.jpg
sub004,sub004/5.jpg
sub004,sub004/3.jpg
sub364,sub364/2.jpg
sub364,sub364/6.jpg
sub364,sub364/1.jpg
sub364,sub364/4.jpg
sub055,sub055/2.jpg
sub055,sub055/6.jpg
sub055,sub055/5.jpg
sub055,sub055/1.jpg
sub055,sub055/3.jpg
sub123,sub123/2.jpg
sub123,sub123/6.jpg
sub123,sub123/1.jpg
sub123,sub123/4.jpg
sub123,sub123/3.jpg
sub404,sub404/2.jpg
sub404,sub404/6.jpg
sub404,sub404/5.jpg
sub404,sub404/1.jpg
sub404,sub404/4.jpg
sub404,sub404/3.jpg
sub011,sub011/2.jpg
sub011,sub011/6.jpg
sub011,sub011/5.jpg
sub011,sub011/1.jpg
sub011,sub011/4.jpg
sub011,sub011/3.jpg
sub036,sub036/2.jpg
sub036,sub036/6.jpg
sub036,sub036/5.jpg
sub036,sub036/1.jpg
sub036,sub036/4.jpg
sub036,sub036/3.jpg
sub190,sub190/6.jpg
sub190,sub190/5.jpg
sub190,sub190/1.jpg
sub190,sub190/3.jpg
sub389,sub389/2.jpg
sub389,sub389/6.jpg
sub389,sub389/4.jpg
sub389,sub389/3.jpg
sub339,sub339/2.jpg
sub339,sub339/5.jpg
sub339,sub339/1.jpg
sub339,sub339/3.jpg
sub178,sub178/2.jpg
sub178,sub178/6.jpg
sub178,sub178/5.jpg
sub178,sub178/1.jpg
sub178,sub178/4.jpg
sub178,sub178/3.jpg
sub182,sub182/2.jpg
sub182,sub182/6.jpg
sub182,sub182/5.jpg
sub182,sub182/1.jpg
sub182,sub182/4.jpg
sub182,sub182/3.jpg
sub252,sub252/2.jpg
sub252,sub252/6.jpg
sub252,sub252/5.jpg
sub252,sub252/1.jpg
sub252,sub252/4.jpg
sub252,sub252/3.jpg
sub158,sub158/2.jpg
sub158,sub158/6.jpg
sub158,sub158/1.jpg
sub158,sub158/4.jpg
sub088,sub088/2.jpg
sub088,sub088/6.jpg
sub088,sub088/5.jpg
sub088,sub088/1.jpg
sub088,sub088/4.jpg
sub088,sub088/3.jpg
sub198,sub198/2.jpg
sub198,sub198/6.jpg
sub198,sub198/5.jpg
sub198,sub198/1.jpg
sub198,sub198/4.jpg
sub198,sub198/3.jpg
sub175,sub175/2.jpg
sub175,sub175/6.jpg
sub175,sub175/5.jpg
sub175,sub175/1.jpg
sub175,sub175/4.jpg
sub175,sub175/3.jpg
sub302,sub302/2.jpg
sub302,sub302/6.jpg
sub302,sub302/5.jpg
sub302,sub302/1.jpg
sub302,sub302/4.jpg
sub302,sub302/3.jpg
sub150,sub150/2.jpg
sub150,sub150/5.jpg
sub150,sub150/1.jpg
sub150,sub150/4.jpg
sub150,sub150/3.jpg
sub126,sub126/2.jpg
sub126,sub126/6.jpg
sub126,sub126/5.jpg
sub126,sub126/1.jpg
sub126,sub126/4.jpg
sub126,sub126/3.jpg
sub156,sub156/2.jpg
sub156,sub156/6.jpg
sub156,sub156/1.jpg
sub156,sub156/4.jpg
sub156,sub156/3.jpg
sub124,sub124/2.jpg
sub124,sub124/6.jpg
sub124,sub124/5.jpg
sub124,sub124/1.jpg
sub124,sub124/4.jpg
sub124,sub124/3.jpg
sub378,sub378/2.jpg
sub378,sub378/5.jpg
sub378,sub378/1.jpg
sub378,sub378/4.jpg
sub378,sub378/3.jpg
sub210,sub210/2.jpg
sub210,sub210/6.jpg
sub210,sub210/5.jpg
sub210,sub210/1.jpg
sub210,sub210/4.jpg
sub210,sub210/3.jpg
sub219,sub219/2.jpg
sub219,sub219/6.jpg
sub219,sub219/5.jpg
sub219,sub219/1.jpg
sub219,sub219/4.jpg
sub219,sub219/3.jpg
sub319,sub319/2.jpg
sub319,sub319/6.jpg
sub319,sub319/5.jpg
sub319,sub319/1.jpg
sub319,sub319/4.jpg
sub319,sub319/3.jpg
sub365,sub365/6.jpg
sub365,sub365/5.jpg
sub365,sub365/1.jpg
sub365,sub365/4.jpg
sub365,sub365/3.jpg
sub351,sub351/2.jpg
sub351,sub351/6.jpg
sub351,sub351/5.jpg
sub351,sub351/1.jpg
sub351,sub351/4.jpg
sub351,sub351/3.jpg
sub119,sub119/2.jpg
sub119,sub119/6.jpg
sub119,sub119/5.jpg
sub119,sub119/1.jpg
sub119,sub119/4.jpg
sub142,sub142/2.jpg
sub142,sub142/6.jpg
sub142,sub142/5.jpg
sub142,sub142/1.jpg
sub142,sub142/4.jpg
sub142,sub142/3.jpg
sub062,sub062/2.jpg
sub062,sub062/6.jpg
sub062,sub062/1.jpg
sub062,sub062/4.jpg
sub062,sub062/3.jpg
sub180,sub180/2.jpg
sub180,sub180/6.jpg
sub180,sub180/5.jpg
sub180,sub180/1.jpg
sub180,sub180/4.jpg
sub180,sub180/3.jpg
sub370,sub370/2.jpg
sub370,sub370/6.jpg
sub370,sub370/5.jpg
sub370,sub370/1.jpg
sub370,sub370/4.jpg
sub370,sub370/3.jpg
sub209,sub209/2.jpg
sub209,sub209/6.jpg
sub209,sub209/5.jpg
sub209,sub209/4.jpg
sub209,sub209/3.jpg
sub385,sub385/2.jpg
sub385,sub385/6.jpg
sub385,sub385/5.jpg
sub385,sub385/1.jpg
sub385,sub385/4.jpg
sub385,sub385/3.jpg
sub335,sub335/2.jpg
sub335,sub335/6.jpg
sub335,sub335/5.jpg
sub335,sub335/1.jpg
sub335,sub335/4.jpg
sub335,sub335/3.jpg
sub206,sub206/6.jpg
sub206,sub206/5.jpg
sub206,sub206/1.jpg
sub206,sub206/4.jpg
sub206,sub206/3.jpg
sub247,sub247/2.jpg
sub247,sub247/6.jpg
sub247,sub247/5.jpg
sub247,sub247/1.jpg
sub247,sub247/4.jpg
sub247,sub247/3.jpg
sub066,sub066/2.jpg
sub066,sub066/6.jpg
sub066,sub066/5.jpg
sub066,sub066/1.jpg
sub066,sub066/4.jpg
sub066,sub066/3.jpg
sub298,sub298/2.jpg
sub298,sub298/6.jpg
sub298,sub298/5.jpg
sub298,sub298/1.jpg
sub298,sub298/4.jpg
sub298,sub298/3.jpg
sub278,sub278/2.jpg
sub278,sub278/6.jpg
sub278,sub278/5.jpg
sub278,sub278/1.jpg
sub278,sub278/4.jpg
sub278,sub278/3.jpg
sub076,sub076/2.jpg
sub076,sub076/6.jpg
sub076,sub076/5.jpg
sub076,sub076/1.jpg
sub076,sub076/4.jpg
sub076,sub076/3.jpg
sub347,sub347/6.jpg
sub347,sub347/1.jpg
sub323,sub323/2.jpg
sub323,sub323/6.jpg
sub323,sub323/5.jpg
sub323,sub323/1.jpg
sub323,sub323/4.jpg
sub323,sub323/3.jpg
sub292,sub292/2.jpg
sub292,sub292/5.jpg
sub292,sub292/1.jpg
sub292,sub292/4.jpg
sub292,sub292/3.jpg
sub360,sub360/2.jpg
sub360,sub360/6.jpg
sub360,sub360/5.jpg
sub360,sub360/1.jpg
sub360,sub360/4.jpg
sub360,sub360/3.jpg
sub199,sub199/2.jpg
sub199,sub199/6.jpg
sub199,sub199/5.jpg
sub199,sub199/1.jpg
sub199,sub199/4.jpg
sub199,sub199/3.jpg
sub205,sub205/2.jpg
sub205,sub205/6.jpg
sub205,sub205/5.jpg
sub205,sub205/1.jpg
sub205,sub205/4.jpg
sub205,sub205/3.jpg
sub137,sub137/2.jpg
sub137,sub137/6.jpg
sub137,sub137/5.jpg
sub137,sub137/1.jpg
sub137,sub137/4.jpg
sub137,sub137/3.jpg
sub233,sub233/2.jpg
sub233,sub233/6.jpg
sub233,sub233/5.jpg
sub233,sub233/1.jpg
sub233,sub233/4.jpg
sub233,sub233/3.jpg
sub254,sub254/2.jpg
sub254,sub254/6.jpg
sub254,sub254/5.jpg
sub254,sub254/1.jpg
sub254,sub254/4.jpg
sub254,sub254/3.jpg
sub160,sub160/2.jpg
sub160,sub160/6.jpg
sub160,sub160/5.jpg
sub160,sub160/1.jpg
sub160,sub160/4.jpg
sub160,sub160/3.jpg
sub286,sub286/2.jpg
sub286,sub286/6.jpg
sub286,sub286/5.jpg
sub286,sub286/1.jpg
sub286,sub286/3.jpg
sub408,sub408/2.jpg
sub408,sub408/6.jpg
sub408,sub408/5.jpg
sub408,sub408/1.jpg
sub408,sub408/4.jpg
sub408,sub408/3.jpg
sub225,sub225/2.jpg
sub225,sub225/6.jpg
sub225,sub225/5.jpg
sub225,sub225/1.jpg
sub225,sub225/4.jpg
sub225,sub225/3.jpg
sub240,sub240/2.jpg
sub240,sub240/6.jpg
sub240,sub240/5.jpg
sub240,sub240/1.jpg
sub240,sub240/4.jpg
sub240,sub240/3.jpg
sub005,sub005/2.jpg
sub005,sub005/6.jpg
sub005,sub005/5.jpg
sub005,sub005/1.jpg
sub005,sub005/4.jpg
sub005,sub005/3.jpg
sub130,sub130/2.jpg
sub130,sub130/6.jpg
sub130,sub130/5.jpg
sub130,sub130/1.jpg
sub130,sub130/4.jpg
sub130,sub130/3.jpg
sub049,sub049/2.jpg
sub049,sub049/6.jpg
sub049,sub049/5.jpg
sub049,sub049/1.jpg
sub049,sub049/4.jpg
sub049,sub049/3.jpg
sub296,sub296/2.jpg
sub296,sub296/6.jpg
sub296,sub296/5.jpg
sub296,sub296/1.jpg
sub296,sub296/4.jpg
sub296,sub296/3.jpg
sub168,sub168/2.jpg
sub168,sub168/6.jpg
sub168,sub168/5.jpg
sub168,sub168/1.jpg
sub168,sub168/4.jpg
sub168,sub168/3.jpg
sub159,sub159/6.jpg
sub159,sub159/5.jpg
sub159,sub159/1.jpg
sub159,sub159/4.jpg
sub159,sub159/3.jpg
sub117,sub117/2.jpg
sub117,sub117/6.jpg
sub117,sub117/5.jpg
sub117,sub117/1.jpg
sub117,sub117/4.jpg
sub117,sub117/3.jpg
sub253,sub253/2.jpg
sub253,sub253/6.jpg
sub253,sub253/5.jpg
sub253,sub253/1.jpg
sub253,sub253/4.jpg
sub253,sub253/3.jpg
sub294,sub294/2.jpg
sub294,sub294/6.jpg
sub294,sub294/5.jpg
sub294,sub294/1.jpg
sub294,sub294/4.jpg
sub294,sub294/3.jpg
sub017,sub017/2.jpg
sub017,sub017/6.jpg
sub017,sub017/1.jpg
sub017,sub017/4.jpg
sub017,sub017/3.jpg
sub125,sub125/2.jpg
sub125,sub125/6.jpg
sub125,sub125/5.jpg
sub125,sub125/1.jpg
sub125,sub125/4.jpg
sub125,sub125/3.jpg
sub375,sub375/2.jpg
sub375,sub375/6.jpg
sub375,sub375/5.jpg
sub375,sub375/1.jpg
sub375,sub375/4.jpg
sub375,sub375/3.jpg
sub202,sub202/2.jpg
sub202,sub202/6.jpg
sub202,sub202/5.jpg
sub202,sub202/1.jpg
sub202,sub202/4.jpg
sub202,sub202/3.jpg
sub008,sub008/2.jpg
sub008,sub008/6.jpg
sub008,sub008/5.jpg
sub008,sub008/1.jpg
sub008,sub008/4.jpg
sub008,sub008/3.jpg
sub133,sub133/2.jpg
sub133,sub133/6.jpg
sub133,sub133/5.jpg
sub133,sub133/1.jpg
sub133,sub133/4.jpg
sub133,sub133/3.jpg
sub311,sub311/2.jpg
sub311,sub311/6.jpg
sub311,sub311/5.jpg
sub311,sub311/1.jpg
sub311,sub311/4.jpg
sub311,sub311/3.jpg
sub054,sub054/2.jpg
sub054,sub054/5.jpg
sub054,sub054/1.jpg
sub054,sub054/4.jpg
sub054,sub054/3.jpg
sub407,sub407/2.jpg
sub407,sub407/6.jpg
sub407,sub407/5.jpg
sub407,sub407/1.jpg
sub407,sub407/4.jpg
sub407,sub407/3.jpg
sub409,sub409/2.jpg
sub409,sub409/6.jpg
sub409,sub409/5.jpg
sub409,sub409/1.jpg
sub409,sub409/4.jpg
sub409,sub409/3.jpg
sub110,sub110/2.jpg
sub110,sub110/6.jpg
sub110,sub110/5.jpg
sub110,sub110/1.jpg
sub110,sub110/3.jpg
sub224,sub224/2.jpg
sub224,sub224/6.jpg
sub224,sub224/5.jpg
sub224,sub224/1.jpg
sub224,sub224/4.jpg
sub224,sub224/3.jpg
sub356,sub356/6.jpg
sub356,sub356/5.jpg
sub356,sub356/1.jpg
sub356,sub356/4.jpg
sub171,sub171/2.jpg
sub171,sub171/6.jpg
sub171,sub171/5.jpg
sub171,sub171/1.jpg
sub171,sub171/3.jpg
sub395,sub395/2.jpg
sub395,sub395/6.jpg
sub395,sub395/5.jpg
sub395,sub395/1.jpg
sub395,sub395/4.jpg
sub007,sub007/2.jpg
sub007,sub007/6.jpg
sub007,sub007/3.jpg
sub314,sub314/2.jpg
sub314,sub314/6.jpg
sub314,sub314/5.jpg
sub314,sub314/1.jpg
sub314,sub314/4.jpg
sub314,sub314/3.jpg
sub034,sub034/2.jpg
sub034,sub034/6.jpg
sub034,sub034/5.jpg
sub034,sub034/1.jpg
sub034,sub034/4.jpg
sub034,sub034/3.jpg
sub272,sub272/2.jpg
sub272,sub272/6.jpg
sub272,sub272/5.jpg
sub272,sub272/1.jpg
sub272,sub272/4.jpg
sub272,sub272/3.jpg
sub281,sub281/2.jpg
sub281,sub281/6.jpg
sub281,sub281/1.jpg
sub281,sub281/4.jpg
sub281,sub281/3.jpg
sub122,sub122/2.jpg
sub122,sub122/6.jpg
sub122,sub122/5.jpg
sub122,sub122/1.jpg
sub122,sub122/4.jpg
sub122,sub122/3.jpg
sub264,sub264/2.jpg
sub264,sub264/6.jpg
sub264,sub264/5.jpg
sub264,sub264/1.jpg
sub264,sub264/3.jpg
sub279,sub279/2.jpg
sub279,sub279/6.jpg
sub279,sub279/1.jpg
sub279,sub279/4.jpg
sub279,sub279/3.jpg
sub406,sub406/2.jpg
sub406,sub406/6.jpg
sub406,sub406/5.jpg
sub406,sub406/1.jpg
sub406,sub406/3.jpg
sub288,sub288/2.jpg
sub288,sub288/6.jpg
sub288,sub288/5.jpg
sub288,sub288/1.jpg
sub288,sub288/4.jpg
sub288,sub288/3.jpg
sub299,sub299/2.jpg
sub299,sub299/6.jpg
sub299,sub299/5.jpg
sub299,sub299/1.jpg
sub299,sub299/4.jpg
sub299,sub299/3.jpg
sub320,sub320/2.jpg
sub320,sub320/6.jpg
sub320,sub320/5.jpg
sub320,sub320/1.jpg
sub320,sub320/4.jpg
sub320,sub320/3.jpg
sub289,sub289/2.jpg
sub289,sub289/6.jpg
sub289,sub289/5.jpg
sub289,sub289/1.jpg
sub289,sub289/4.jpg
sub289,sub289/3.jpg
sub343,sub343/2.jpg
sub343,sub343/6.jpg
sub343,sub343/5.jpg
sub343,sub343/1.jpg
sub343,sub343/4.jpg
sub343,sub343/3.jpg
