p7,p7/10810.jpg
p16,p16/14660.jpg
p3,p3/4510.jpg
p11,p11/16770.jpg
p23,p23/3310.jpg
p22,p22/18170.jpg
p19,p19/15870.jpg
p7,p7/10500.jpg
p12,p12/260.jpg
p24,p24/18850.jpg
p10,p10/6240.jpg
p13,p13/19310.jpg
p5,p5/2590.jpg
p5,p5/10000.jpg
p6,p6/6870.jpg
p15,p15/8110.jpg
p23,p23/18610.jpg
p23,p23/3350.jpg
p18,p18/4410.jpg
p1,p1/12120.jpg
p7,p7/6480.jpg
p20,p20/3680.jpg
p18,p18/15510.jpg
p24,p24/15100.jpg
p17,p17/15020.jpg
p20,p20/16090.jpg
p10,p10/6070.jpg
p5,p5/9700.jpg
p8,p8/10920.jpg
p15,p15/8230.jpg
p17,p17/19780.jpg
p15,p15/8340.jpg
p21,p21/17930.jpg
p25,p25/20000.jpg
p3,p3/5640.jpg
p12,p12/17130.jpg
p15,p15/14070.jpg
p25,p25/19990.jpg
p15,p15/14060.jpg
p10,p10/12010.jpg
p4,p4/13450.jpg
p13,p13/19260.jpg
p12,p12/16881.jpg
p20,p20/3840.jpg
p6,p6/10290.jpg
p5,p5/2550.jpg
p5,p5/9730.jpg
p19,p19/7440.jpg
p2,p2/970.jpg
p7,p7/10770.jpg
p13,p13/19280.jpg
p18,p18/15350.jpg
p19,p19/7580.jpg
p16,p16/8850.jpg
p2,p2/1030.jpg
p7,p7/10510.jpg
p21,p21/17840.jpg
p21,p21/17380.jpg
p12,p12/270.jpg
p1,p1/700.jpg
p5,p5/13180.jpg
p7,p7/6770.jpg
p20,p20/3830.jpg
p21,p21/17370.jpg
p23,p23/3440.jpg
p19,p19/15680.jpg
p17,p17/19660.jpg
p4,p4/9170.jpg
p22,p22/9340.jpg
p6,p6/10120.jpg
p18,p18/15470.jpg
p21,p21/17960.jpg
p10,p10/11720.jpg
p6,p6/10350.jpg
p4,p4/13590.jpg
p14,p14/3060.jpg
p9,p9/11270.jpg
p13,p13/13010.jpg
p9,p9/2040.jpg
p4,p4/9140.jpg
p23,p23/3280.jpg
p14,p14/3070.jpg
p4,p4/13470.jpg
p5,p5/2430.jpg
p23,p23/3330.jpg
p21,p21/17590.jpg
p4,p4/13480.jpg
p2,p2/8011.jpg
p20,p20/16060.jpg
p13,p13/13240.jpg
p25,p25/1400.jpg
p1,p1/390.jpg
p12,p12/10.jpg
p21,p21/17550.jpg
p2,p2/870.jpg
p12,p12/40.jpg
p24,p24/15190.jpg
p7,p7/10720.jpg
p23,p23/3470.jpg
p13,p13/13030.jpg
p6,p6/10100.jpg
p9,p9/2100.jpg
p12,p12/180.jpg
p25,p25/1510.jpg
p7,p7/6730.jpg
p15,p15/8150.jpg
p13,p13/19511.jpg
p21,p21/17520.jpg
p22,p22/18100.jpg
p6,p6/6930.jpg
p3,p3/5940.jpg
p8,p8/1570.jpg
p20,p20/16230.jpg
p4,p4/8880.jpg
p13,p13/19380.jpg
p10,p10/6310.jpg
p25,p25/5020.jpg
p25,p25/4890.jpg
p21,p21/17680.jpg
p1,p1/360.jpg
p7,p7/10830.jpg
p23,p23/18760.jpg
p1,p1/590.jpg
p24,p24/19130.jpg
p21,p21/17860.jpg
p8,p8/1910.jpg
p11,p11/16640.jpg
p12,p12/16800.jpg
p14,p14/3110.jpg
p11,p11/16690.jpg
p25,p25/1240.jpg
p21,p21/17620.jpg
p2,p2/990.jpg
p18,p18/4020.jpg
p4,p4/13540.jpg
p14,p14/2720.jpg
p5,p5/13190.jpg
p4,p4/9130.jpg
p18,p18/4420.jpg
p18,p18/4300.jpg
p20,p20/16330.jpg
p25,p25/19970.jpg
p11,p11/12710.jpg
p1,p1/12050.jpg
p15,p15/8460.jpg
p17,p17/19850.jpg
p16,p16/8480.jpg
p21,p21/17490.jpg
p1,p1/12310.jpg
p8,p8/1830.jpg
p20,p20/3670.jpg
p25,p25/19940.jpg
p18,p18/4130.jpg
p19,p19/15610.jpg
p20,p20/15990.jpg
p8,p8/1630.jpg
p12,p12/12780.jpg
p19,p19/15960.jpg
p24,p24/15180.jpg
p14,p14/2750.jpg
p19,p19/7560.jpg
p17,p17/19570.jpg
p24,p24/19182.jpg
p17,p17/19870.jpg
p19,p19/7590.jpg
p24,p24/19090.jpg
p9,p9/2300.jpg
p19,p19/15840.jpg
p13,p13/13050.jpg
p5,p5/9780.jpg
p15,p15/8400.jpg
p1,p1/12140.jpg
p9,p9/11560.jpg
p3,p3/4560.jpg
p8,p8/1880.jpg
p9,p9/11530.jpg
p9,p9/11300.jpg
p8,p8/1680.jpg
p22,p22/18140.jpg
p20,p20/3700.jpg
p20,p20/16000.jpg
p3,p3/5670.jpg
p14,p14/3140.jpg
p23,p23/18600.jpg
p16,p16/14770.jpg
p24,p24/15090.jpg
p25,p25/5030.jpg
p13,p13/12940.jpg
p19,p19/7640.jpg
p1,p1/340.jpg
p8,p8/11180.jpg
p2,p2/840.jpg
p7,p7/10460.jpg
p1,p1/12130.jpg
p20,p20/16050.jpg
p6,p6/6970.jpg
p16,p16/14390.jpg
p16,p16/8660.jpg
p23,p23/18730.jpg
p22,p22/9640.jpg
p14,p14/2670.jpg
p22,p22/9290.jpg
p23,p23/18450.jpg
p2,p2/7980.jpg
p3,p3/4470.jpg
p8,p8/10890.jpg
p2,p2/7921.jpg
p11,p11/12420.jpg
p3,p3/5590.jpg
p10,p10/11920.jpg
p23,p23/18710.jpg
p24,p24/5240.jpg
p3,p3/4550.jpg
p8,p8/1950.jpg
p11,p11/12660.jpg
p25,p25/1210.jpg
p12,p12/17040.jpg
p22,p22/9380.jpg
p9,p9/11580.jpg
p7,p7/6520.jpg
p15,p15/8390.jpg
p11,p11/12450.jpg
p6,p6/7240.jpg
p23,p23/18590.jpg
p13,p13/12980.jpg
p14,p14/2890.jpg
p5,p5/9690.jpg
p24,p24/18870.jpg
p22,p22/18310.jpg
p16,p16/8610.jpg
p22,p22/9570.jpg
p17,p17/14900.jpg
p6,p6/10160.jpg
p14,p14/2830.jpg
p10,p10/11650.jpg
p22,p22/18290.jpg
p17,p17/19591.jpg
p4,p4/9120.jpg
p23,p23/3220.jpg
p8,p8/10900.jpg
p4,p4/8890.jpg
p6,p6/7110.jpg
p13,p13/19351.jpg
p12,p12/16850.jpg
p15,p15/8080.jpg
p22,p22/18270.jpg
p24,p24/19100.jpg
p21,p21/17900.jpg
p16,p16/14440.jpg
p12,p12/16810.jpg
p22,p22/18360.jpg
p15,p15/14020.jpg
p3,p3/4520.jpg
p17,p17/19890.jpg
p16,p16/14690.jpg
p25,p25/5090.jpg
p25,p25/4900.jpg
p9,p9/2350.jpg
p1,p1/330.jpg
p19,p19/15900.jpg
p2,p2/750.jpg
p8,p8/1670.jpg
p18,p18/4310.jpg
p20,p20/16010.jpg
p6,p6/7180.jpg
p7,p7/6460.jpg
p2,p2/7690.jpg
p4,p4/13290.jpg
p18,p18/15430.jpg
p15,p15/14250.jpg
p6,p6/7150.jpg
p9,p9/11250.jpg
p14,p14/2820.jpg
p16,p16/8760.jpg
p10,p10/11670.jpg
p1,p1/580.jpg
p15,p15/14320.jpg
p2,p2/7720.jpg
p19,p19/15630.jpg
p7,p7/10560.jpg
p25,p25/1390.jpg
p6,p6/7010.jpg
p18,p18/4340.jpg
p14,p14/13670.jpg
p11,p11/16520.jpg
p12,p12/300.jpg
p16,p16/8550.jpg
p25,p25/1140.jpg
p21,p21/17470.jpg
p17,p17/19560.jpg
p13,p13/12960.jpg
p13,p13/13250.jpg
p24,p24/18940.jpg
p13,p13/13100.jpg
p13,p13/2380.jpg
p19,p19/15570.jpg
p2,p2/7940.jpg
p24,p24/5560.jpg
p15,p15/13880.jpg
p14,p14/2860.jpg
p2,p2/7680.jpg
p4,p4/8980.jpg
p7,p7/10740.jpg
p8,p8/1920.jpg
p25,p25/5160.jpg
p20,p20/3640.jpg
p22,p22/9671.jpg
p23,p23/18520.jpg
p9,p9/1990.jpg
p20,p20/16380.jpg
p1,p1/12280.jpg
p12,p12/12810.jpg
p4,p4/13300.jpg
p3,p3/5600.jpg
