p14,p14/2860.jpg
p12,p12/12780.jpg
p5,p5/9750.jpg
p5,p5/9690.jpg
p2,p2/7680.jpg
p13,p13/2380.jpg
p20,p20/16230.jpg
p5,p5/9920.jpg
p12,p12/17130.jpg
p21,p21/17380.jpg
p22,p22/18270.jpg
p11,p11/16640.jpg
p7,p7/6480.jpg
p5,p5/9780.jpg
p13,p13/19351.jpg
p16,p16/8760.jpg
p25,p25/19970.jpg
p12,p12/16881.jpg
p17,p17/19660.jpg
p16,p16/14390.jpg
p25,p25/4890.jpg
p8,p8/1680.jpg
p18,p18/15430.jpg
p15,p15/8400.jpg
p17,p17/19780.jpg
p20,p20/3700.jpg
p14,p14/2890.jpg
p6,p6/7250.jpg
p25,p25/1210.jpg
p14,p14/3060.jpg
p11,p11/12450.jpg
p7,p7/10460.jpg
p20,p20/3680.jpg
p23,p23/18610.jpg
p12,p12/16800.jpg
p24,p24/18870.jpg
p14,p14/2820.jpg
p8,p8/1630.jpg
p12,p12/16850.jpg
p23,p23/3350.jpg
p17,p17/19870.jpg
p20,p20/16380.jpg
p3,p3/4510.jpg
p21,p21/17860.jpg
p9,p9/11250.jpg
p25,p25/5020.jpg
p3,p3/5600.jpg
p4,p4/13290.jpg
p6,p6/10350.jpg
p7,p7/10560.jpg
p10,p10/11720.jpg
p15,p15/14020.jpg
p7,p7/6770.jpg
p24,p24/15090.jpg
p10,p10/6070.jpg
p12,p12/270.jpg
p7,p7/10510.jpg
p4,p4/9130.jpg
p8,p8/1920.jpg
p18,p18/15350.jpg
p17,p17/19591.jpg
p5,p5/9700.jpg
p24,p24/18940.jpg
p15,p15/8150.jpg
p3,p3/5590.jpg
p19,p19/15790.jpg
p23,p23/3440.jpg
p22,p22/9640.jpg
p1,p1/340.jpg
p14,p14/3070.jpg
p2,p2/870.jpg
p2,p2/7980.jpg
p24,p24/15100.jpg
p19,p19/15570.jpg
p17,p17/15010.jpg
p6,p6/7240.jpg
p8,p8/1950.jpg
p21,p21/17620.jpg
p9,p9/2350.jpg
p23,p23/3280.jpg
p4,p4/9140.jpg
p13,p13/13030.jpg
p16,p16/8860.jpg
p21,p21/17470.jpg
p3,p3/4550.jpg
p7,p7/10500.jpg
p1,p1/580.jpg
p13,p13/12940.jpg
p18,p18/4300.jpg
p8,p8/1830.jpg
p15,p15/14160.jpg
p19,p19/15700.jpg
p25,p25/1400.jpg
p19,p19/15840.jpg
p4,p4/9170.jpg
p24,p24/5240.jpg
p16,p16/8550.jpg
p12,p12/12810.jpg
p17,p17/19850.jpg
p1,p1/590.jpg
p24,p24/15190.jpg
p24,p24/19100.jpg
p4,p4/13300.jpg
p3,p3/4520.jpg
p23,p23/18710.jpg
p16,p16/8850.jpg
p13,p13/12960.jpg
p19,p19/7590.jpg
p20,p20/16050.jpg
p15,p15/14060.jpg
p13,p13/19310.jpg
p24,p24/19182.jpg
p22,p22/9570.jpg
p23,p23/3220.jpg
p9,p9/1990.jpg
p23,p23/3330.jpg
p1,p1/12140.jpg
p16,p16/14690.jpg
p16,p16/14770.jpg
p18,p18/15470.jpg
p5,p5/9730.jpg
p17,p17/15020.jpg
p20,p20/16330.jpg
p18,p18/4310.jpg
p23,p23/18450.jpg
p2,p2/750.jpg
p22,p22/9380.jpg
p21,p21/17760.jpg
p12,p12/260.jpg
p2,p2/7720.jpg
p12,p12/300.jpg
p8,p8/1910.jpg
p4,p4/8890.jpg
p1,p1/390.jpg
p20,p20/3670.jpg
p25,p25/1240.jpg
p25,p25/5130.jpg
p11,p11/16721.jpg
p7,p7/6730.jpg
p8,p8/10920.jpg
p22,p22/18100.jpg
p19,p19/7560.jpg
p23,p23/18600.jpg
p5,p5/13190.jpg
p15,p15/8110.jpg
p19,p19/15900.jpg
p20,p20/16010.jpg
p3,p3/4640.jpg
p13,p13/19280.jpg
p10,p10/11670.jpg
p6,p6/6930.jpg
p9,p9/11270.jpg
p25,p25/20000.jpg
p6,p6/7180.jpg
p19,p19/7280.jpg
p6,p6/6970.jpg
p15,p15/8340.jpg
p7,p7/6520.jpg
p15,p15/8080.jpg
p14,p14/2670.jpg
p19,p19/7440.jpg
p20,p20/16000.jpg
p13,p13/13100.jpg
p6,p6/7120.jpg
p24,p24/19090.jpg
p1,p1/12050.jpg
p10,p10/12010.jpg
p1,p1/12310.jpg
p23,p23/18590.jpg
p11,p11/12660.jpg
p14,p14/13670.jpg
p4,p4/8980.jpg
p16,p16/14660.jpg
p25,p25/19990.jpg
p10,p10/6310.jpg
p9,p9/2040.jpg
p21,p21/17590.jpg
p21,p21/17550.jpg
p15,p15/8390.jpg
p11,p11/12710.jpg
p19,p19/7640.jpg
p8,p8/1670.jpg
p15,p15/14320.jpg
p21,p21/17840.jpg
p6,p6/7110.jpg
