p1,p1/1276.jpg
p1,p1/20.jpg
p1,p1/19.jpg
p1,p1/13.jpg
p1,p1/24.jpg
p1,p1/17.jpg
p1,p1/26.jpg
p1,p1/18.jpg
p1,p1/16.jpg
p1,p1/1283.jpg
p1,p1/32.jpg
p1,p1/12.jpg
p1,p1/30.jpg
p1,p1/22.jpg
p1,p1/14.jpg
p1,p1/28.jpg
p1,p1/1279.jpg
p8,p8/407.jpg
p8,p8/423.jpg
p8,p8/413.jpg
p8,p8/418.jpg
p8,p8/429.jpg
p8,p8/408.jpg
p8,p8/414.jpg
p8,p8/404.jpg
p8,p8/402.jpg
p8,p8/403.jpg
p8,p8/421.jpg
p8,p8/416.jpg
p8,p8/406.jpg
p4,p4/125.jpg
p4,p4/131.jpg
p4,p4/126.jpg
p4,p4/129.jpg
p4,p4/142.jpg
p4,p4/137.jpg
p4,p4/118.jpg
p4,p4/119.jpg
p4,p4/141.jpg
p4,p4/136.jpg
p4,p4/121.jpg
p4,p4/130.jpg
p4,p4/135.jpg
p4,p4/123.jpg
p4,p4/143.jpg
p4,p4/138.jpg
p4,p4/127.jpg
p4,p4/122.jpg
p4,p4/115.jpg
p4,p4/134.jpg
p4,p4/117.jpg
p4,p4/114.jpg
p5,p5/194.jpg
p5,p5/188.jpg
p5,p5/186.jpg
p5,p5/155.jpg
p5,p5/176.jpg
p5,p5/196.jpg
p5,p5/154.jpg
p5,p5/173.jpg
p5,p5/185.jpg
p5,p5/159.jpg
p5,p5/181.jpg
p5,p5/161.jpg
p5,p5/178.jpg
p5,p5/164.jpg
p5,p5/192.jpg
p5,p5/1005.jpg
p5,p5/184.jpg
p5,p5/190.jpg
p5,p5/189.jpg
p5,p5/193.jpg
p5,p5/182.jpg
p5,p5/191.jpg
p9,p9/557.jpg
p9,p9/472.jpg
p9,p9/452(1).jpg
p9,p9/452.jpg
p9,p9/444.jpg
p9,p9/480.jpg
p9,p9/476.jpg
p9,p9/464.jpg
p9,p9/443.jpg
p9,p9/481.jpg
p9,p9/479.jpg
p9,p9/445.jpg
p9,p9/565.jpg
p9,p9/466.jpg
p9,p9/566.jpg
p9,p9/478.jpg
p9,p9/451.jpg
p9,p9/453.jpg
p9,p9/484(1).jpg
p9,p9/561(1).jpg
p9,p9/470.jpg
p9,p9/468.jpg
p9,p9/482.jpg
p9,p9/560.jpg
p9,p9/483.jpg
p9,p9/561.jpg
p9,p9/484.jpg
p9,p9/475.jpg
p9,p9/477.jpg
p9,p9/462.jpg
p7,p7/362.jpg
p7,p7/392.jpg
p7,p7/370.jpg
p7,p7/381.jpg
p7,p7/363.jpg
p7,p7/389.jpg
p7,p7/365.jpg
p7,p7/380.jpg
p7,p7/374.jpg
p7,p7/364.jpg
p7,p7/367.jpg
p7,p7/388.jpg
p7,p7/373.jpg
p7,p7/379.jpg
p7,p7/376.jpg
p7,p7/368.jpg
p7,p7/369.jpg
p7,p7/390.jpg
p7,p7/377.jpg
p7,p7/366.jpg
p7,p7/378.jpg
p7,p7/371.jpg
p13,p13/837.jpg
p13,p13/817.jpg
p13,p13/826.jpg
p13,p13/838.jpg
p13,p13/814.jpg
p13,p13/827.jpg
p13,p13/810.jpg
p13,p13/809.jpg
p13,p13/811.jpg
p13,p13/828.jpg
p13,p13/821.jpg
p13,p13/823.jpg
p13,p13/815.jpg
p13,p13/812.jpg
p13,p13/839.jpg
p13,p13/825.jpg
p13,p13/819.jpg
p13,p13/808.jpg
p13,p13/836.jpg
p15,p15/935.jpg
p15,p15/932.jpg
p15,p15/937.jpg
p15,p15/931.jpg
p15,p15/933.jpg
p15,p15/936.jpg
p15,p15/930.jpg
p15,p15/929.jpg
p15,p15/934.jpg
p15,p15/928.jpg
p15,p15/879.jpg
p12,p12/978.jpg
p12,p12/970.jpg
p12,p12/992.jpg
p12,p12/973.jpg
p12,p12/991.jpg
p12,p12/993.jpg
p12,p12/976.jpg
p12,p12/977.jpg
p12,p12/972.jpg
p12,p12/971.jpg
p12,p12/990.jpg
p12,p12/968.jpg
p12,p12/974.jpg
p12,p12/975.jpg
p12,p12/969.jpg
p12,p12/989.jpg
p10,p10/525.jpg
p10,p10/529.jpg
p10,p10/533(1).jpg
p10,p10/530.jpg
p10,p10/537.jpg
p10,p10/537(1).jpg
p10,p10/533.jpg
p10,p10/527(1).jpg
p10,p10/522.jpg
p16,p16/667.jpg
p16,p16/651.jpg
p16,p16/674.jpg
p16,p16/654.jpg
p16,p16/1048.jpg
p16,p16/668.jpg
p16,p16/663.jpg
p16,p16/676.jpg
p16,p16/670.jpg
p16,p16/655.jpg
p16,p16/675.jpg
p16,p16/666.jpg
p16,p16/669.jpg
p16,p16/659.jpg
p16,p16/653.jpg
p16,p16/664.jpg
p16,p16/657.jpg
p16,p16/647.jpg
p16,p16/1050.jpg
p16,p16/679.jpg
p16,p16/1047.jpg
p16,p16/672.jpg
p16,p16/650.jpg
p16,p16/646.jpg
p16,p16/671.jpg
p16,p16/678.jpg
p16,p16/662.jpg
p16,p16/649.jpg
p16,p16/1049.jpg
p14,p14/908.jpg
p14,p14/895.jpg
p14,p14/894.jpg
p14,p14/907.jpg
p14,p14/900.jpg
p14,p14/890.jpg
p14,p14/909.jpg
p14,p14/889.jpg
p14,p14/892.jpg
p14,p14/891.jpg
p14,p14/897.jpg
p14,p14/898.jpg
p14,p14/904.jpg
p14,p14/906.jpg
p14,p14/888.jpg
p14,p14/902.jpg
p14,p14/905.jpg
p14,p14/903.jpg
p14,p14/901.jpg
p14,p14/899.jpg
p14,p14/893.jpg
p14,p14/896.jpg
p6,p6/1297.jpg
p6,p6/1324.jpg
p6,p6/1323.jpg
p6,p6/1296.jpg
p6,p6/239.jpg
p6,p6/237.jpg
p6,p6/238.jpg
p6,p6/1290.jpg
p6,p6/1288.jpg
p6,p6/1316.jpg
p6,p6/1293.jpg
p6,p6/1292.jpg
p6,p6/1295.jpg
p6,p6/1291.jpg
p18,p18/857.jpg
p18,p18/871.jpg
p18,p18/859.jpg
p18,p18/870.jpg
p18,p18/854.jpg
p18,p18/855.jpg
p18,p18/853.jpg
p18,p18/849.jpg
p18,p18/851.jpg
p18,p18/850.jpg
p18,p18/858.jpg
p18,p18/852.jpg
p18,p18/848.jpg
p18,p18/860.jpg
p18,p18/856.jpg
p19,p19/735.jpg
p19,p19/727.jpg
p19,p19/729.jpg
p19,p19/734.jpg
p19,p19/758.jpg
p19,p19/736.jpg
p19,p19/749.jpg
p19,p19/750.jpg
p19,p19/753.jpg
p19,p19/739.jpg
p19,p19/747.jpg
p19,p19/755.jpg
p17,p17/690.jpg
p17,p17/717.jpg
p17,p17/1017.jpg
p17,p17/1008.jpg
p17,p17/1012.jpg
p17,p17/712.jpg
p17,p17/713.jpg
p17,p17/1021.jpg
p17,p17/689.jpg
p17,p17/698.jpg
p17,p17/1016.jpg
p17,p17/722.jpg
p17,p17/719.jpg
p17,p17/725.jpg
p17,p17/1024.jpg
p17,p17/1013.jpg
p17,p17/1009.jpg
p17,p17/1010.jpg
p17,p17/690(1).jpg
p17,p17/689(1).jpg
p17,p17/703.jpg
p17,p17/1019.jpg
p17,p17/1015.jpg
p17,p17/691.jpg
p17,p17/692.jpg
p17,p17/1023.jpg
p17,p17/717(1).jpg
p17,p17/1006.jpg
p17,p17/703(1).jpg
p17,p17/1018.jpg
p17,p17/1020.jpg
p17,p17/714.jpg
p17,p17/692(1).jpg
p17,p17/1007.jpg
p17,p17/695.jpg
p17,p17/691(1).jpg
p17,p17/705.jpg
p17,p17/1022.jpg
p17,p17/708.jpg
p17,p17/1011.jpg
p20,p20/1237.jpg
p20,p20/1251.jpg
p20,p20/1252.jpg
p20,p20/1238.jpg
p20,p20/1269.jpg
p20,p20/1264.jpg
p20,p20/1253.jpg
p20,p20/1254.jpg
p20,p20/1240.jpg
p20,p20/1255.jpg
p20,p20/1239.jpg
p20,p20/1236.jpg
p20,p20/1275.jpg
p20,p20/1272.jpg
p20,p20/1267.jpg
p2,p2/38.jpg
p2,p2/1204.jpg
p2,p2/52.jpg
p2,p2/42.jpg
p2,p2/49.jpg
p2,p2/47.jpg
p2,p2/63.jpg
p2,p2/46.jpg
p2,p2/71.jpg
p2,p2/36.jpg
p2,p2/48.jpg
p2,p2/62.jpg
p2,p2/1208.jpg
p2,p2/1210.jpg
p2,p2/1206.jpg
p2,p2/66.jpg
p2,p2/56.jpg
p2,p2/41.jpg
p11,p11/614.jpg
p11,p11/607.jpg
p11,p11/609.jpg
p11,p11/613.jpg
p11,p11/619.jpg
p11,p11/610.jpg
p11,p11/621.jpg
p11,p11/626.jpg
p11,p11/624.jpg
p11,p11/629.jpg
p11,p11/622.jpg
p11,p11/606.jpg
p11,p11/611.jpg
p11,p11/620.jpg
p3,p3/90.jpg
p3,p3/89.jpg
p3,p3/73.jpg
p3,p3/769.jpg
p3,p3/78.jpg
p3,p3/789.jpg
p3,p3/74.jpg
p3,p3/112.jpg
p3,p3/85.jpg
p3,p3/77.jpg
p3,p3/86.jpg
p3,p3/771.jpg
p3,p3/76.jpg
p3,p3/767.jpg
p3,p3/792.jpg
p3,p3/79.jpg
p3,p3/88.jpg
p3,p3/87.jpg
