p1,p1/54.jpg
p1,p1/38.jpg
p1,p1/52.jpg
p1,p1/42.jpg
p1,p1/60.jpg
p1,p1/69.jpg
p1,p1/33.jpg
p1,p1/37.jpg
p1,p1/49.jpg
p1,p1/40.jpg
p1,p1/61.jpg
p1,p1/63.jpg
p1,p1/46.jpg
p1,p1/36.jpg
p1,p1/68.jpg
p1,p1/45.jpg
p1,p1/50.jpg
p1,p1/34.jpg
p1,p1/48.jpg
p1,p1/58.jpg
p1,p1/70.jpg
p1,p1/62.jpg
p1,p1/44.jpg
p1,p1/66.jpg
p1,p1/56.jpg
p1,p1/53.jpg
p1,p1/57.jpg
p1,p1/41.jpg
p23,p23/325.jpg
p23,p23/321.jpg
p23,p23/1845.jpg
p23,p23/1843.jpg
p23,p23/353.jpg
p23,p23/355.jpg
p23,p23/1842.jpg
p23,p23/1841.jpg
p23,p23/323.jpg
p23,p23/324.jpg
p23,p23/350.jpg
p23,p23/360.jpg
p23,p23/358.jpg
p23,p23/1848.jpg
p23,p23/351.jpg
p23,p23/1847.jpg
p8,p8/1123.jpg
p8,p8/166.jpg
p8,p8/1116.jpg
p8,p8/155.jpg
p8,p8/160.jpg
p8,p8/1119.jpg
p8,p8/1115.jpg
p8,p8/154.jpg
p8,p8/165.jpg
p8,p8/169.jpg
p8,p8/185.jpg
p8,p8/159.jpg
p8,p8/1124.jpg
p8,p8/181.jpg
p8,p8/1120.jpg
p8,p8/156.jpg
p8,p8/161.jpg
p8,p8/1117.jpg
p8,p8/164.jpg
p8,p8/1122.jpg
p8,p8/1118.jpg
p8,p8/168.jpg
p8,p8/184.jpg
p8,p8/162.jpg
p8,p8/182.jpg
p4,p4/894.jpg
p4,p4/900.jpg
p4,p4/1349.jpg
p4,p4/889.jpg
p4,p4/892.jpg
p4,p4/1353.jpg
p4,p4/891.jpg
p4,p4/897.jpg
p4,p4/898.jpg
p4,p4/888.jpg
p4,p4/902.jpg
p4,p4/1357.jpg
p4,p4/901.jpg
p4,p4/893.jpg
p4,p4/1360.jpg
p4,p4/1348.jpg
p4,p4/896.jpg
p5,p5/978.jpg
p5,p5/243.jpg
p5,p5/1390.jpg
p5,p5/1392.jpg
p5,p5/1394.jpg
p5,p5/1395.jpg
p5,p5/1391.jpg
p5,p5/979.jpg
p5,p5/246.jpg
p5,p5/1396.jpg
p5,p5/248.jpg
p5,p5/242.jpg
p5,p5/241.jpg
p5,p5/976.jpg
p5,p5/244.jpg
p5,p5/247.jpg
p5,p5/245.jpg
p5,p5/980.jpg
p9,p9/201.jpg
p9,p9/205.jpg
p9,p9/200.jpg
p9,p9/198.jpg
p9,p9/1163.jpg
p9,p9/204.jpg
p9,p9/206.jpg
p9,p9/1162.jpg
p9,p9/202.jpg
p9,p9/1158.jpg
p9,p9/1160.jpg
p9,p9/1159.jpg
p9,p9/197.jpg
p22,p22/954.jpg
p22,p22/947.jpg
p22,p22/961.jpg
p22,p22/967.jpg
p22,p22/952.jpg
p22,p22/951.jpg
p22,p22/959.jpg
p22,p22/1797.jpg
p22,p22/957.jpg
p22,p22/932.jpg
p22,p22/948.jpg
p22,p22/966.jpg
p22,p22/965.jpg
p22,p22/930.jpg
p22,p22/962.jpg
p22,p22/950.jpg
p22,p22/956.jpg
p22,p22/955.jpg
p22,p22/946.jpg
p22,p22/949.jpg
p22,p22/953.jpg
p22,p22/929.jpg
p22,p22/1798.jpg
p22,p22/928.jpg
p21,p21/1794.jpg
p21,p21/1734.jpg
p21,p21/1793.jpg
p21,p21/1736.jpg
p21,p21/1726.jpg
p21,p21/1724.jpg
p21,p21/1789.jpg
p21,p21/1733.jpg
p21,p21/1796.jpg
p21,p21/1754.jpg
p21,p21/1755.jpg
p21,p21/1728.jpg
p21,p21/1722.jpg
p21,p21/1731.jpg
p21,p21/1792.jpg
p21,p21/1730.jpg
p21,p21/1758.jpg
p21,p21/1759.jpg
p21,p21/1723.jpg
p21,p21/1790.jpg
p21,p21/1737.jpg
p21,p21/1732.jpg
p21,p21/1727.jpg
p7,p7/651.jpg
p7,p7/1082.jpg
p7,p7/1075.jpg
p7,p7/1084.jpg
p7,p7/654.jpg
p7,p7/1053.jpg
p7,p7/1078.jpg
p7,p7/1076.jpg
p7,p7/1081.jpg
p7,p7/1077.jpg
p7,p7/655.jpg
p7,p7/1083.jpg
p7,p7/1056.jpg
p7,p7/653.jpg
p7,p7/1079.jpg
p7,p7/647.jpg
p7,p7/1050.jpg
p7,p7/1074.jpg
p7,p7/1051.jpg
p7,p7/1055.jpg
p7,p7/650.jpg
p7,p7/646.jpg
p7,p7/1052.jpg
p7,p7/1054.jpg
p7,p7/649.jpg
p7,p7/1049.jpg
p13,p13/1950.jpg
p13,p13/1323.jpg
p13,p13/1312.jpg
p13,p13/240.jpg
p13,p13/1314.jpg
p13,p13/1313.jpg
p13,p13/1952.jpg
p13,p13/1321.jpg
p13,p13/237.jpg
p13,p13/238.jpg
p13,p13/1288.jpg
p13,p13/1311.jpg
p13,p13/1316.jpg
p13,p13/1953.jpg
p13,p13/1315.jpg
p13,p13/1954.jpg
p15,p15/837.jpg
p15,p15/1429.jpg
p15,p15/1426.jpg
p15,p15/1436.jpg
p15,p15/838.jpg
p15,p15/1434.jpg
p15,p15/814.jpg
p15,p15/844.jpg
p15,p15/1430.jpg
p15,p15/1398.jpg
p15,p15/810.jpg
p15,p15/1431.jpg
p15,p15/809.jpg
p15,p15/1418.jpg
p15,p15/811.jpg
p15,p15/1419.jpg
p15,p15/842.jpg
p15,p15/1422.jpg
p15,p15/1421.jpg
p15,p15/815.jpg
p15,p15/812.jpg
p15,p15/1423.jpg
p15,p15/1397.jpg
p15,p15/841.jpg
p15,p15/1399.jpg
p15,p15/839.jpg
p15,p15/1400.jpg
p15,p15/845.jpg
p15,p15/813.jpg
p15,p15/1427.jpg
p15,p15/1425.jpg
p15,p15/840.jpg
p15,p15/1435.jpg
p15,p15/808.jpg
p25,p25/118.jpg
p25,p25/119.jpg
p25,p25/121.jpg
p25,p25/487.jpg
p25,p25/149.jpg
p25,p25/486.jpg
p25,p25/150.jpg
p25,p25/153.jpg
p25,p25/151.jpg
p25,p25/122.jpg
p25,p25/147.jpg
p25,p25/115.jpg
p25,p25/116.jpg
p25,p25/152.jpg
p25,p25/117.jpg
p25,p25/114.jpg
p12,p12/1711.jpg
p12,p12/2.jpg
p12,p12/1276.jpg
p12,p12/1720.jpg
p12,p12/1712.jpg
p12,p12/1709.jpg
p12,p12/1282.jpg
p12,p12/1713.jpg
p12,p12/1278.jpg
p12,p12/1719.jpg
p12,p12/1706.jpg
p12,p12/1707.jpg
p12,p12/1717.jpg
p12,p12/1718.jpg
p12,p12/6.jpg
p12,p12/1710.jpg
p12,p12/5.jpg
p12,p12/32.jpg
p12,p12/1714.jpg
p12,p12/1280.jpg
p12,p12/1708.jpg
p12,p12/1284.jpg
p12,p12/1.jpg
p12,p12/1715.jpg
p12,p12/1285.jpg
p12,p12/1705.jpg
p12,p12/1704.jpg
p12,p12/1279.jpg
p10,p10/607.jpg
p10,p10/643.jpg
p10,p10/645.jpg
p10,p10/1165.jpg
p10,p10/1167.jpg
p10,p10/1198.jpg
p10,p10/609.jpg
p10,p10/1194.jpg
p10,p10/610.jpg
p10,p10/1164.jpg
p10,p10/1202.jpg
p10,p10/1168.jpg
p10,p10/1203.jpg
p10,p10/1166.jpg
p10,p10/1171.jpg
p10,p10/606.jpg
p16,p16/1479.jpg
p16,p16/854.jpg
p16,p16/1467.jpg
p16,p16/855.jpg
p16,p16/1478.jpg
p16,p16/1459.jpg
p16,p16/853.jpg
p16,p16/849.jpg
p16,p16/1456.jpg
p16,p16/1475.jpg
p16,p16/851.jpg
p16,p16/1464.jpg
p16,p16/1455.jpg
p16,p16/850.jpg
p16,p16/1460.jpg
p16,p16/1458.jpg
p16,p16/852.jpg
p16,p16/1468.jpg
p16,p16/1454.jpg
p16,p16/1471.jpg
p16,p16/1466.jpg
p16,p16/848.jpg
p16,p16/1476.jpg
p16,p16/1462.jpg
p16,p16/1463.jpg
p16,p16/1474.jpg
p16,p16/1453.jpg
p16,p16/1470.jpg
p16,p16/1472.jpg
p14,p14/296.jpg
p14,p14/273.jpg
p14,p14/1371.jpg
p14,p14/293.jpg
p14,p14/1369.jpg
p14,p14/1376.jpg
p14,p14/1372.jpg
p14,p14/1381.jpg
p14,p14/330.jpg
p14,p14/1383.jpg
p14,p14/1367.jpg
p14,p14/1373.jpg
p14,p14/1375.jpg
p14,p14/1378.jpg
p14,p14/266.jpg
p14,p14/1380.jpg
p14,p14/270.jpg
p14,p14/297.jpg
p14,p14/265.jpg
p14,p14/1365.jpg
p14,p14/267.jpg
p14,p14/1364.jpg
p14,p14/269.jpg
p14,p14/1368.jpg
p14,p14/1379.jpg
p14,p14/268.jpg
p14,p14/1382.jpg
p14,p14/1370.jpg
p14,p14/272.jpg
p14,p14/1377.jpg
p14,p14/295.jpg
p6,p6/690.jpg
p6,p6/1044.jpg
p6,p6/1008.jpg
p6,p6/1032.jpg
p6,p6/1012.jpg
p6,p6/687.jpg
p6,p6/689.jpg
p6,p6/1036.jpg
p6,p6/725.jpg
p6,p6/1038.jpg
p6,p6/1033.jpg
p6,p6/1034.jpg
p6,p6/1009.jpg
p6,p6/1041.jpg
p6,p6/1010.jpg
p6,p6/691.jpg
p6,p6/692.jpg
p6,p6/1035.jpg
p6,p6/1006.jpg
p6,p6/1030.jpg
p6,p6/1042.jpg
p6,p6/1029.jpg
p6,p6/1039.jpg
p6,p6/1007.jpg
p6,p6/695.jpg
p6,p6/1043.jpg
p6,p6/694.jpg
p6,p6/696.jpg
p6,p6/1040.jpg
p6,p6/1011.jpg
p18,p18/407.jpg
p18,p18/1555.jpg
p18,p18/1556.jpg
p18,p18/405.jpg
p18,p18/1553.jpg
p18,p18/1554.jpg
p18,p18/408.jpg
p18,p18/410.jpg
p18,p18/404.jpg
p18,p18/402.jpg
p18,p18/403.jpg
p18,p18/406.jpg
p19,p19/1578.jpg
p19,p19/727.jpg
p19,p19/730.jpg
p19,p19/1597.jpg
p19,p19/731.jpg
p19,p19/1573.jpg
p19,p19/729.jpg
p19,p19/1574.jpg
p19,p19/1572.jpg
p19,p19/1595.jpg
p19,p19/734.jpg
p19,p19/1576.jpg
p19,p19/1579.jpg
p19,p19/1570.jpg
p19,p19/1581.jpg
p19,p19/1575.jpg
p19,p19/1571.jpg
p19,p19/1577.jpg
p19,p19/742.jpg
p19,p19/1580.jpg
p24,p24/525.jpg
p24,p24/529.jpg
p24,p24/544.jpg
p24,p24/1517.jpg
p24,p24/527.jpg
p24,p24/1521.jpg
p24,p24/1904.jpg
p24,p24/530.jpg
p24,p24/552.jpg
p24,p24/528.jpg
p24,p24/526.jpg
p24,p24/1520.jpg
p24,p24/524.jpg
p24,p24/533.jpg
p24,p24/1519.jpg
p24,p24/1919.jpg
p24,p24/539.jpg
p24,p24/523.jpg
p24,p24/1909.jpg
p24,p24/1511.jpg
p24,p24/531.jpg
p24,p24/538.jpg
p24,p24/522.jpg
p17,p17/1493.jpg
p17,p17/1501.jpg
p17,p17/1500.jpg
p17,p17/1480.jpg
p17,p17/1986.jpg
p17,p17/1984.jpg
p17,p17/1483.jpg
p17,p17/1504.jpg
p17,p17/1499.jpg
p17,p17/1496.jpg
p17,p17/1505.jpg
p17,p17/1983.jpg
p17,p17/1485.jpg
p17,p17/1990.jpg
p17,p17/1487.jpg
p17,p17/1481.jpg
p17,p17/1497.jpg
p17,p17/1488.jpg
p17,p17/1489.jpg
p17,p17/1491.jpg
p17,p17/1989.jpg
p17,p17/1492.jpg
p17,p17/1503.jpg
p17,p17/1484.jpg
p17,p17/1988.jpg
p17,p17/1507.jpg
p20,p20/362.jpg
p20,p20/392.jpg
p20,p20/370.jpg
p20,p20/1602.jpg
p20,p20/365.jpg
p20,p20/396.jpg
p20,p20/364.jpg
p20,p20/367.jpg
p20,p20/397.jpg
p20,p20/400.jpg
p20,p20/401.jpg
p20,p20/1598.jpg
p20,p20/1599.jpg
p20,p20/368.jpg
p20,p20/369.jpg
p20,p20/393.jpg
p20,p20/1600.jpg
p20,p20/394.jpg
p20,p20/366.jpg
p20,p20/1603.jpg
p2,p2/768.jpg
p2,p2/80.jpg
p2,p2/81.jpg
p2,p2/73.jpg
p2,p2/769.jpg
p2,p2/78.jpg
p2,p2/82.jpg
p2,p2/74.jpg
p2,p2/77.jpg
p2,p2/770.jpg
p2,p2/76.jpg
p2,p2/767.jpg
p11,p11/1675.jpg
p11,p11/1671.jpg
p11,p11/1237.jpg
p11,p11/1646.jpg
p11,p11/1264.jpg
p11,p11/1240.jpg
p11,p11/1649.jpg
p11,p11/1678.jpg
p11,p11/1239.jpg
p11,p11/1676.jpg
p11,p11/1236.jpg
p11,p11/1263.jpg
p11,p11/1673.jpg
p11,p11/1677.jpg
p11,p11/1647.jpg
p11,p11/1648.jpg
p11,p11/1674.jpg
p11,p11/1650.jpg
p11,p11/1267.jpg
p3,p3/585.jpg
p3,p3/590.jpg
p3,p3/594.jpg
p3,p3/576.jpg
p3,p3/444.jpg
p3,p3/443.jpg
p3,p3/595.jpg
p3,p3/591.jpg
p3,p3/584.jpg
p3,p3/592.jpg
p3,p3/447.jpg
p3,p3/446.jpg
p3,p3/587.jpg
p3,p3/588.jpg
p3,p3/586.jpg
