p1,p1/2.jpg
p1,p1/20.jpg
p1,p1/11.jpg
p1,p1/19.jpg
p1,p1/13.jpg
p1,p1/24.jpg
p1,p1/17.jpg
p1,p1/26.jpg
p1,p1/18.jpg
p1,p1/16.jpg
p1,p1/6.jpg
p1,p1/5.jpg
p1,p1/7.jpg
p1,p1/12.jpg
p1,p1/9.jpg
p1,p1/10.jpg
p1,p1/1.jpg
p1,p1/4.jpg
p1,p1/1285.jpg
p1,p1/3.jpg
p1,p1/22.jpg
p1,p1/14.jpg
p1,p1/28.jpg
p1,p1/8.jpg
p8,p8/407.jpg
p8,p8/428.jpg
p8,p8/426.jpg
p8,p8/442.jpg
p8,p8/425.jpg
p8,p8/411.jpg
p8,p8/441.jpg
p8,p8/437.jpg
p8,p8/413.jpg
p8,p8/435.jpg
p8,p8/429.jpg
p8,p8/408.jpg
p8,p8/410.jpg
p8,p8/414.jpg
p8,p8/439.jpg
p8,p8/404.jpg
p8,p8/409.jpg
p8,p8/402.jpg
p8,p8/403.jpg
p8,p8/427.jpg
p8,p8/412.jpg
p8,p8/432.jpg
p8,p8/406.jpg
p4,p4/516.jpg
p4,p4/517.jpg
p4,p4/145.jpg
p4,p4/491.jpg
p4,p4/499.jpg
p4,p4/126.jpg
p4,p4/493.jpg
p4,p4/142.jpg
p4,p4/137.jpg
p4,p4/118.jpg
p4,p4/488.jpg
p4,p4/119.jpg
p4,p4/141.jpg
p4,p4/136.jpg
p4,p4/146.jpg
p4,p4/121.jpg
p4,p4/487.jpg
p4,p4/501.jpg
p4,p4/521.jpg
p4,p4/130.jpg
p4,p4/486.jpg
p4,p4/490.jpg
p4,p4/135.jpg
p4,p4/123.jpg
p4,p4/143.jpg
p4,p4/500.jpg
p4,p4/153.jpg
p4,p4/151.jpg
p4,p4/494.jpg
p4,p4/138.jpg
p4,p4/520.jpg
p4,p4/147.jpg
p4,p4/496.jpg
p4,p4/115.jpg
p4,p4/497.jpg
p4,p4/498.jpg
p4,p4/519.jpg
p4,p4/152.jpg
p4,p4/134.jpg
p4,p4/117.jpg
p4,p4/492.jpg
p4,p4/114.jpg
p4,p4/518.jpg
p5,p5/1123.jpg
p5,p5/1110.jpg
p5,p5/1109.jpg
p5,p5/1102.jpg
p5,p5/154(1).jpg
p5,p5/194.jpg
p5,p5/1096.jpg
p5,p5/1095.jpg
p5,p5/1105(1).jpg
p5,p5/188.jpg
p5,p5/1097.jpg
p5,p5/1110(1).jpg
p5,p5/1111(1).jpg
p5,p5/186.jpg
p5,p5/1107.jpg
p5,p5/1098.jpg
p5,p5/155.jpg
p5,p5/194(1).jpg
p5,p5/176.jpg
p5,p5/1088(1).jpg
p5,p5/196.jpg
p5,p5/1093.jpg
p5,p5/1101.jpg
p5,p5/1108.jpg
p5,p5/154.jpg
p5,p5/1088.jpg
p5,p5/1091.jpg
p5,p5/173.jpg
p5,p5/185.jpg
p5,p5/1100.jpg
p5,p5/159.jpg
p5,p5/1103.jpg
p5,p5/181.jpg
p5,p5/1104.jpg
p5,p5/161.jpg
p5,p5/178.jpg
p5,p5/1094.jpg
p5,p5/164.jpg
p5,p5/1105.jpg
p5,p5/1099.jpg
p5,p5/192.jpg
p5,p5/1111.jpg
p5,p5/1092.jpg
p5,p5/196(1).jpg
p5,p5/1106.jpg
p5,p5/1106(1).jpg
p5,p5/1005.jpg
p5,p5/181(1).jpg
p5,p5/184.jpg
p5,p5/1087.jpg
p5,p5/1085.jpg
p5,p5/1090.jpg
p5,p5/1086.jpg
p5,p5/155(1).jpg
p5,p5/190.jpg
p5,p5/189.jpg
p5,p5/182(1).jpg
p5,p5/1089.jpg
p5,p5/192(1).jpg
p5,p5/1099(1).jpg
p5,p5/1005(1).jpg
p5,p5/193.jpg
p5,p5/1103(1).jpg
p5,p5/182.jpg
p5,p5/1104(1).jpg
p5,p5/191.jpg
p9,p9/585.jpg
p9,p9/571.jpg
p9,p9/457.jpg
p9,p9/557.jpg
p9,p9/472.jpg
p9,p9/590.jpg
p9,p9/594.jpg
p9,p9/452.jpg
p9,p9/576.jpg
p9,p9/444.jpg
p9,p9/480.jpg
p9,p9/582.jpg
p9,p9/476.jpg
p9,p9/443.jpg
p9,p9/481.jpg
p9,p9/595.jpg
p9,p9/455.jpg
p9,p9/579.jpg
p9,p9/479.jpg
p9,p9/445.jpg
p9,p9/574.jpg
p9,p9/593.jpg
p9,p9/460.jpg
p9,p9/565.jpg
p9,p9/456.jpg
p9,p9/592.jpg
p9,p9/566.jpg
p9,p9/478.jpg
p9,p9/447.jpg
p9,p9/451.jpg
p9,p9/449.jpg
p9,p9/453.jpg
p9,p9/446.jpg
p9,p9/470.jpg
p9,p9/450.jpg
p9,p9/567.jpg
p9,p9/448.jpg
p9,p9/482.jpg
p9,p9/568.jpg
p9,p9/560.jpg
p9,p9/483.jpg
p9,p9/561.jpg
p9,p9/587.jpg
p9,p9/484.jpg
p9,p9/586.jpg
p9,p9/475.jpg
p9,p9/477.jpg
p9,p9/583.jpg
p9,p9/572.jpg
p7,p7/362.jpg
p7,p7/395.jpg
p7,p7/392.jpg
p7,p7/370.jpg
p7,p7/368(1).jpg
p7,p7/363.jpg
p7,p7/388(1).jpg
p7,p7/371(1).jpg
p7,p7/389.jpg
p7,p7/365.jpg
p7,p7/370(1).jpg
p7,p7/399.jpg
p7,p7/364(1).jpg
p7,p7/380.jpg
p7,p7/374.jpg
p7,p7/396.jpg
p7,p7/376(1).jpg
p7,p7/389(1).jpg
p7,p7/363(1).jpg
p7,p7/364.jpg
p7,p7/362(1).jpg
p7,p7/397.jpg
p7,p7/388.jpg
p7,p7/373.jpg
p7,p7/400.jpg
p7,p7/401.jpg
p7,p7/366(1).jpg
p7,p7/376.jpg
p7,p7/368.jpg
p7,p7/393.jpg
p7,p7/399(1).jpg
p7,p7/390.jpg
p7,p7/394.jpg
p7,p7/366.jpg
p7,p7/378.jpg
p7,p7/371.jpg
p7,p7/396(1).jpg
p13,p13/837.jpg
p13,p13/835.jpg
p13,p13/826.jpg
p13,p13/838.jpg
p13,p13/833.jpg
p13,p13/814.jpg
p13,p13/827.jpg
p13,p13/810.jpg
p13,p13/809.jpg
p13,p13/847.jpg
p13,p13/811.jpg
p13,p13/828.jpg
p13,p13/846.jpg
p13,p13/832.jpg
p13,p13/830.jpg
p13,p13/812.jpg
p13,p13/841.jpg
p13,p13/839.jpg
p13,p13/831.jpg
p13,p13/825.jpg
p13,p13/845.jpg
p13,p13/829.jpg
p13,p13/843.jpg
p13,p13/834.jpg
p13,p13/808.jpg
p13,p13/836.jpg
p15,p15/945.jpg
p15,p15/942(1).jpg
p15,p15/943(1).jpg
p15,p15/944(1).jpg
p15,p15/947.jpg
p15,p15/961.jpg
p15,p15/943.jpg
p15,p15/967.jpg
p15,p15/951.jpg
p15,p15/959.jpg
p15,p15/957.jpg
p15,p15/945(1).jpg
p15,p15/946(1).jpg
p15,p15/935.jpg
p15,p15/937.jpg
p15,p15/964.jpg
p15,p15/931.jpg
p15,p15/948.jpg
p15,p15/939.jpg
p15,p15/966.jpg
p15,p15/933.jpg
p15,p15/941(1).jpg
p15,p15/930.jpg
p15,p15/942.jpg
p15,p15/955.jpg
p15,p15/941.jpg
p15,p15/955(1).jpg
p15,p15/946.jpg
p15,p15/949.jpg
p15,p15/953.jpg
p15,p15/929.jpg
p15,p15/951(1).jpg
p15,p15/944.jpg
p15,p15/928.jpg
p15,p15/879.jpg
p12,p12/989(1).jpg
p12,p12/978.jpg
p12,p12/968(2).jpg
p12,p12/970.jpg
p12,p12/970(1).jpg
p12,p12/992.jpg
p12,p12/973.jpg
p12,p12/979.jpg
p12,p12/988(1).jpg
p12,p12/984.jpg
p12,p12/982(1).jpg
p12,p12/993.jpg
p12,p12/976.jpg
p12,p12/977.jpg
p12,p12/972.jpg
p12,p12/971.jpg
p12,p12/968(1).jpg
p12,p12/990.jpg
p12,p12/982.jpg
p12,p12/986.jpg
p12,p12/990(1).jpg
p12,p12/968.jpg
p12,p12/980(1).jpg
p12,p12/988.jpg
p12,p12/984(1).jpg
p12,p12/973(1).jpg
p12,p12/980(2).jpg
p12,p12/969(1).jpg
p12,p12/976(1).jpg
p12,p12/974.jpg
p12,p12/975.jpg
p12,p12/969.jpg
p12,p12/989.jpg
p12,p12/978(1).jpg
p12,p12/980.jpg
p10,p10/529.jpg
p10,p10/544.jpg
p10,p10/546.jpg
p10,p10/543(1).jpg
p10,p10/553.jpg
p10,p10/552.jpg
p10,p10/541.jpg
p10,p10/554.jpg
p10,p10/551.jpg
p10,p10/549.jpg
p10,p10/556.jpg
p10,p10/539.jpg
p10,p10/523.jpg
p10,p10/543.jpg
p10,p10/545.jpg
p10,p10/555.jpg
p10,p10/522.jpg
p16,p16/667.jpg
p16,p16/651.jpg
p16,p16/674.jpg
p16,p16/1082.jpg
p16,p16/1075.jpg
p16,p16/1084.jpg
p16,p16/654.jpg
p16,p16/1048.jpg
p16,p16/668.jpg
p16,p16/1053.jpg
p16,p16/1078.jpg
p16,p16/1065.jpg
p16,p16/1076.jpg
p16,p16/1067.jpg
p16,p16/1081.jpg
p16,p16/676.jpg
p16,p16/670.jpg
p16,p16/1077.jpg
p16,p16/1069.jpg
p16,p16/686.jpg
p16,p16/685.jpg
p16,p16/675.jpg
p16,p16/1083.jpg
p16,p16/666.jpg
p16,p16/1057.jpg
p16,p16/1071.jpg
p16,p16/681.jpg
p16,p16/669.jpg
p16,p16/1080.jpg
p16,p16/659.jpg
p16,p16/683.jpg
p16,p16/1079.jpg
p16,p16/664.jpg
p16,p16/657.jpg
p16,p16/1050.jpg
p16,p16/1074.jpg
p16,p16/679.jpg
p16,p16/1073.jpg
p16,p16/1045.jpg
p16,p16/1047.jpg
p16,p16/1059.jpg
p16,p16/1051.jpg
p16,p16/672.jpg
p16,p16/684.jpg
p16,p16/1055.jpg
p16,p16/1046.jpg
p16,p16/646.jpg
p16,p16/1052.jpg
p16,p16/1061.jpg
p16,p16/671.jpg
p16,p16/678.jpg
p16,p16/662.jpg
p16,p16/649.jpg
p16,p16/1063.jpg
p16,p16/1049.jpg
p14,p14/916.jpg
p14,p14/908.jpg
p14,p14/910.jpg
p14,p14/895.jpg
p14,p14/894.jpg
p14,p14/913.jpg
p14,p14/900.jpg
p14,p14/890.jpg
p14,p14/914.jpg
p14,p14/889.jpg
p14,p14/892.jpg
p14,p14/926.jpg
p14,p14/891.jpg
p14,p14/897.jpg
p14,p14/898.jpg
p14,p14/904.jpg
p14,p14/906.jpg
p14,p14/920.jpg
p14,p14/922.jpg
p14,p14/888.jpg
p14,p14/902.jpg
p14,p14/918.jpg
p14,p14/924.jpg
p14,p14/912.jpg
p14,p14/899.jpg
p14,p14/893.jpg
p14,p14/896.jpg
p6,p6/1297.jpg
p6,p6/1324.jpg
p6,p6/1323.jpg
p6,p6/1312.jpg
p6,p6/1325.jpg
p6,p6/239.jpg
p6,p6/1313.jpg
p6,p6/1303.jpg
p6,p6/1326.jpg
p6,p6/1327.jpg
p6,p6/237.jpg
p6,p6/238.jpg
p6,p6/1290.jpg
p6,p6/1288.jpg
p6,p6/1300.jpg
p6,p6/1311.jpg
p6,p6/1316.jpg
p6,p6/1305.jpg
p6,p6/1315.jpg
p6,p6/1308.jpg
p18,p18/872.jpg
p18,p18/873.jpg
p18,p18/871.jpg
p18,p18/886.jpg
p18,p18/870.jpg
p18,p18/854.jpg
p18,p18/878.jpg
p18,p18/866.jpg
p18,p18/874.jpg
p18,p18/864.jpg
p18,p18/862.jpg
p18,p18/849.jpg
p18,p18/851.jpg
p18,p18/868.jpg
p18,p18/869.jpg
p18,p18/850.jpg
p18,p18/867.jpg
p18,p18/858.jpg
p18,p18/881.jpg
p18,p18/852.jpg
p18,p18/884.jpg
p18,p18/848.jpg
p18,p18/876.jpg
p18,p18/865.jpg
p18,p18/860.jpg
p18,p18/856.jpg
p19,p19/745.jpg
p19,p19/735.jpg
p19,p19/727.jpg
p19,p19/729.jpg
p19,p19/743.jpg
p19,p19/734.jpg
p19,p19/736.jpg
p19,p19/749.jpg
p19,p19/739.jpg
p19,p19/747.jpg
p19,p19/741.jpg
p19,p19/766.jpg
p19,p19/746.jpg
p19,p19/742.jpg
p17,p17/690.jpg
p17,p17/1044.jpg
p17,p17/717.jpg
p17,p17/1017.jpg
p17,p17/1032.jpg
p17,p17/712.jpg
p17,p17/713.jpg
p17,p17/700.jpg
p17,p17/1021.jpg
p17,p17/687.jpg
p17,p17/689.jpg
p17,p17/1037.jpg
p17,p17/698.jpg
p17,p17/722.jpg
p17,p17/719.jpg
p17,p17/1036.jpg
p17,p17/725.jpg
p17,p17/1024.jpg
p17,p17/1019(1).jpg
p17,p17/1013.jpg
p17,p17/1038.jpg
p17,p17/1033.jpg
p17,p17/1034.jpg
p17,p17/1031.jpg
p17,p17/1028.jpg
p17,p17/1009.jpg
p17,p17/1041.jpg
p17,p17/1027.jpg
p17,p17/703.jpg
p17,p17/1019.jpg
p17,p17/1015.jpg
p17,p17/691.jpg
p17,p17/692.jpg
p17,p17/1023.jpg
p17,p17/1035.jpg
p17,p17/1030.jpg
p17,p17/1042.jpg
p17,p17/1029.jpg
p17,p17/1039.jpg
p17,p17/1018.jpg
p17,p17/1020.jpg
p17,p17/714.jpg
p17,p17/1007.jpg
p17,p17/695.jpg
p17,p17/705.jpg
p17,p17/1022.jpg
p17,p17/708.jpg
p17,p17/1026.jpg
p17,p17/1040.jpg
p17,p17/1011.jpg
p20,p20/1244.jpg
p20,p20/1237.jpg
p20,p20/1252.jpg
p20,p20/1261.jpg
p20,p20/1259.jpg
p20,p20/1247.jpg
p20,p20/1238.jpg
p20,p20/1269.jpg
p20,p20/1243.jpg
p20,p20/1264.jpg
p20,p20/1254.jpg
p20,p20/1240.jpg
p20,p20/1260.jpg
p20,p20/1239.jpg
p20,p20/1236.jpg
p20,p20/1263.jpg
p20,p20/1241.jpg
p20,p20/1275.jpg
p20,p20/1249.jpg
p20,p20/1256.jpg
p20,p20/1272.jpg
p20,p20/1267.jpg
p2,p2/54.jpg
p2,p2/38.jpg
p2,p2/1216.jpg
p2,p2/1204.jpg
p2,p2/1218.jpg
p2,p2/52.jpg
p2,p2/42.jpg
p2,p2/60.jpg
p2,p2/69.jpg
p2,p2/55.jpg
p2,p2/33.jpg
p2,p2/37.jpg
p2,p2/49.jpg
p2,p2/47.jpg
p2,p2/61.jpg
p2,p2/63.jpg
p2,p2/46.jpg
p2,p2/71.jpg
p2,p2/36.jpg
p2,p2/1220.jpg
p2,p2/1234.jpg
p2,p2/45.jpg
p2,p2/50.jpg
p2,p2/34.jpg
p2,p2/48.jpg
p2,p2/58.jpg
p2,p2/62.jpg
p2,p2/1232.jpg
p2,p2/1208.jpg
p2,p2/1210.jpg
p2,p2/1212.jpg
p2,p2/1206.jpg
p2,p2/44.jpg
p2,p2/66.jpg
p2,p2/1214.jpg
p2,p2/56.jpg
p2,p2/57.jpg
p2,p2/41.jpg
p11,p11/614.jpg
p11,p11/607.jpg
p11,p11/643.jpg
p11,p11/641.jpg
p11,p11/645.jpg
p11,p11/622(1).jpg
p11,p11/634.jpg
p11,p11/609.jpg
p11,p11/618.jpg
p11,p11/631.jpg
p11,p11/610.jpg
p11,p11/637.jpg
p11,p11/634(1).jpg
p11,p11/620(1).jpg
p11,p11/616.jpg
p11,p11/624.jpg
p11,p11/629.jpg
p11,p11/622.jpg
p11,p11/606.jpg
p11,p11/639.jpg
p11,p11/611.jpg
p11,p11/620.jpg
p3,p3/784.jpg
p3,p3/90.jpg
p3,p3/775.jpg
p3,p3/100.jpg
p3,p3/99.jpg
p3,p3/794.jpg
p3,p3/773.jpg
p3,p3/805.jpg
p3,p3/104.jpg
p3,p3/89.jpg
p3,p3/781.jpg
p3,p3/777.jpg
p3,p3/798.jpg
p3,p3/80.jpg
p3,p3/81.jpg
p3,p3/73.jpg
p3,p3/787.jpg
p3,p3/78.jpg
p3,p3/83.jpg
p3,p3/82.jpg
p3,p3/789.jpg
p3,p3/779.jpg
p3,p3/74.jpg
p3,p3/92.jpg
p3,p3/85.jpg
p3,p3/77.jpg
p3,p3/102.jpg
p3,p3/97.jpg
p3,p3/86.jpg
p3,p3/800.jpg
p3,p3/771.jpg
p3,p3/101.jpg
p3,p3/76.jpg
p3,p3/98.jpg
p3,p3/807.jpg
p3,p3/792.jpg
p3,p3/96.jpg
p3,p3/796.jpg
p3,p3/79.jpg
p3,p3/84.jpg
p3,p3/88.jpg
p3,p3/802.jpg
p3,p3/87.jpg
